Workbook

Sheet About
A1: Active state name: | B1: Oklahoma | C1: <- Change this state name (e.g., "California", "Texas") to switch the TTS-* views | E1: state_name | F1: state_abbr
A2: Active state code: | B2: =INDEX(Geography!$A$2:$A$49,MATCH($B$1,Geography!$B$2:$B$49,0)) -> OK | E2: Alabama | F2: AL
E3: Arkansas | F3: AR
A4: TTS Transportation Technology Shareweights -- per-state ZEV anchors | E4: Arizona | F4: AZ
A5: Built 2026-09-04 by outputs/TTS/_build_tts_workbook.py | E5: California | F5: CA
A6: US template: eps-us InputData/trans/TTS/Transportation Technology Shareweights.xlsx @ 05516d3e 2026-09-04 Updated TTS calibration to use AEO 2026 and assign TTS values to CNG/LPG vehicle types | E6: Colorado | F6: CO
E7: Connecticut | F7: CT
A8: *** PROVISIONAL: Costs_BAU holds US placeholder costs, not state costs. Do not deploy to state-eps-data until the per-state BAU cost export replaces them. *** | E8: Delaware | F8: DE
E9: Florida | F9: FL
A10: What this file is | E10: Georgia | F10: GA
A11: TTS is the multiplicative preference weight in the modified-logit allocation of new vehicle | E11: Iowa | F11: IA
A12: sales: New Vehicles_j is proportional to TTS_j * EXP(TTLE * CostPerMile_j). It is NOT a cap, | E12: Idaho | F12: ID
A13: despite the "Max Fraction of Production" header the EPS CSVs carry. You cannot write a | E13: Illinois | F13: IL
A14: target sales share into it -- you solve for the weight that reproduces an observed share | E14: Indiana | F14: IN
A15: given that state's costs. | E15: Kansas | F15: KS
E16: Kentucky | F16: KY
A17: All 48 EPS-modelled states are solved on the Solve tab simultaneously. About!B1 selects | E17: Louisiana | F17: LA
A18: which state the 12 TTS-* view tabs export. | E18: Massachusetts | F18: MA
E19: Maryland | F19: MD
A20: What is customized per state (locked with Olivia 2026-07-30) | E20: Maine | F20: ME
A21: 1. Base year 2025 only. State models have INITIAL TIME = 2025 (plcy-schd/IT/IT.csv), so | E21: Michigan | F21: MI
A22: the 2024 column sits before the simulation start and is carried over from the US file. | E22: Minnesota | F22: MN
A23: 2. ZEV technologies only: battery electric, plugin hybrid, hydrogen. | E23: Missouri | F23: MO
A24: 3. Fossil shareweights (gasoline, diesel, natural gas, LPG) are FROZEN at US values. | E24: Mississippi | F24: MS
A25: In a logit this means the fossil technologies split the residual (1 - ZEV share) in | E25: Montana | F25: MT
A26: proportion to their existing weights, so the national relative gasoline/diesel/NGV | E26: North Carolina | F26: NC
A27: preference carries through untouched and gasoline stays the numeraire at 1.0. | E27: North Dakota | F27: ND
A28: 4. 2050 endpoints and s-curve L/k/Xo stay national -- states differ only in their 2025 | E28: Nebraska | F28: NE
A29: anchor. Consequence to accept: every state converges to the same 2050 weight, so this | E29: New Hampshire | F29: NH
A30: customization moves the near and mid term, not 2050. | E30: New Jersey | F30: NJ
A31: 5. One formula change: Data!F14, the PHEV 2050 endpoint, is repointed from the 2024 | E31: New Mexico | F31: NM
... A35: mix, with an IFERROR guard for states that have no passenger rail (0/0 in the US form). | E35: Oklahoma | F35: OK
E36: Oregon | F36: OR
A37: Not customized: passenger HDV, freight LDV, freight HDV (the Alliance source is | E37: Pennsylvania | F37: PA
A38: light-duty only -- there is no state ZEV *sales* series for buses or trucks); aircraft, | E38: Rhode Island | F38: RI
A39: ships, freight rail and freight motorbikes are single-technology groups. | E39: South Carolina | F39: SC
E40: South Dakota | F40: SD
A41: Sources | E41: Tennessee | F41: TN
A42: Observed ZEV sales shares: Alliance for Automotive Innovation, "Get Connected: EV | E42: Texas | F42: TX
A43: Quarterly Report" Q4 2025 p.15 -- 2025 full-year new light-duty vehicle registrations by | E43: Utah | F43: UT
A44: state and powertrain, compiled from S&P Global Mobility retail + fleet new registrations. | E44: Virginia | F44: VA
A45: Embedded verbatim on Alliance_2025. NOTE this is a SALES basis (new registrations); AFDC | E45: Vermont | F45: VT
A46: and Atlas EV Hub publish STOCK, which is not interchangeable on a fleet this young. | E46: Washington | F46: WA
A47: Cost per mile: eps-us calibration_parameters.csv (US, placeholder) -> to be replaced by a | E47: Wisconsin | F47: WI
A48: per-state export of "BAU New Vehicle Cost per Mile". | E48: West Virginia | F48: WV
A49: Logit exponent: trans/TTLE/TTLE.csv, -8 for passenger LDVs, identical in all 48 states. | E49: Wyoming | F49: WY
A50: Start-year stock: state-eps-data/<ST>/trans/SYVbT/SYVbT-passenger.csv, verbatim.
A52: Caveats
A53: 2025 is a policy-transition year: federal EV credits expired 2025-09-30, so full-year 2025
A54: blends a record Q3 (12.6% national) with a collapsed Q4 (6.5%), landing at 9.6% -- below
A55: 2024's 10.2%. Anchoring here is deliberate (the post-credit regime is the forward-looking
A56: one), but the full-year average sits above the post-credit run rate.
A57: The Alliance state shares cover all light duty including commercial light trucks, while EPS
A58: splits passenger LDV from freight LDV (95.5/4.5 nationally); we map them onto passenger LDV.
A59: Alliance/S&P data is licensed third-party material -- verify redistribution terms before
A60: publishing state-level values externally.
A62: Method: docs/methodology/TTS-state-proposal.md. Outputs are inputs for staff review;
A63: verify all numerical claims against primary sources before external use.

Sheet Geography
A1: state_abbr | B1: state_name
A2: AL | B2: Alabama
A3: AR | B3: Arkansas
A4: AZ | B4: Arizona
A5: CA | B5: California
A6: CO | B6: Colorado
A7: CT | B7: Connecticut
A8: DE | B8: Delaware
A9: FL | B9: Florida
A10: GA | B10: Georgia
A11: IA | B11: Iowa
A12: ID | B12: Idaho
... A49: WY | B49: Wyoming

Sheet Keys
A1: category | B1: key | C1: value | D1: description
A2: year | B2: base_year | C2: 2025 | D2: the only year solved; state models have INITIAL TIME = 2025, so the 2024 TTS column is before the simulation start and is inert
A3: unit | B3: pct_to_frac | C3: 0.01 | D3: the Alliance table is embedded verbatim in published percent; multiply to get a fraction
A4: logit | B4: ttle_ldv_psgr | C4: -8 | D4: TTLE logit exponent, passenger LDVs (trans/TTLE/TTLE.csv). Identical in all 48 states
A5: logit | B5: cost_cutoff | C5: 10 | D5: $/mile above which a technology is treated as unavailable (weight 0); matches COST_CUTOFF in the eps-us transport_calibration.py solver
A6: frozen_w | B6: w_gasoline | C6: 1 | D6: FROZEN US shareweight, gasoline, 2025 -- the logit numeraire (max weight = 1)
A7: frozen_w | B7: w_diesel | C7: 0.067938858 | D7: FROZEN US shareweight, diesel, 2025
A8: frozen_w | B8: w_NGV | C8: 0.00010673201 | D8: FROZEN US shareweight, natural gas, 2025
A9: frozen_w | B9: w_LPG | C9: 0 | D9: FROZEN US shareweight, LPG, 2025 (0 -- US cost/mile is in the thousands of $/mile, far above cost_cutoff)
A10: label | B10: tech_bev | C10: battery electric vehicle | D10: EPS Vehicle Technology label
A11: label | B11: tech_phev | C11: plugin hybrid vehicle | D11: EPS Vehicle Technology label
A12: label | B12: tech_h2 | C12: hydrogen vehicle | D12: EPS Vehicle Technology label
A13: label | B13: us_row | C13: U.S. | D13: row label of the national row on the Alliance_2025 tab
A14: qc | B14: share_tol | C14: 1e-06 | D14: max acceptable |realized - target| ZEV share on the Solve tab forward check
A15: qc | B15: w_max | C15: 1 | D15: shareweights must not exceed this: gasoline is the numeraire at 1 and the BEV 2050 endpoint is 1, so a 2025 anchor above it would invert the s-curve
A16: us_cost | B16: uscost_BEV | C16: 0.659046 | D16: US 2025 passenger-LDV cost per mile, BEV (eps-us calibration_parameters.csv) -- placeholder source for Costs_BAU
A17: us_cost | B17: uscost_NGV | C17: 0.547139 | D17: US 2025 passenger-LDV cost per mile, NGV (eps-us calibration_parameters.csv) -- placeholder source for Costs_BAU
A18: us_cost | B18: uscost_gasoline | C18: 0.512168 | D18: US 2025 passenger-LDV cost per mile, gasoline (eps-us calibration_parameters.csv) -- placeholder source for Costs_BAU
A19: us_cost | B19: uscost_diesel | C19: 0.578577 | D19: US 2025 passenger-LDV cost per mile, diesel (eps-us calibration_parameters.csv) -- placeholder source for Costs_BAU
A20: us_cost | B20: uscost_PHEV | C20: 0.527845 | D20: US 2025 passenger-LDV cost per mile, PHEV (eps-us calibration_parameters.csv) -- placeholder source for Costs_BAU
A21: us_cost | B21: uscost_LPG | C21: 9488.69 | D21: US 2025 passenger-LDV cost per mile, LPG (eps-us calibration_parameters.csv) -- placeholder source for Costs_BAU
A22: us_cost | B22: uscost_H2 | C22: 0.639724 | D22: US 2025 passenger-LDV cost per mile, H2 (eps-us calibration_parameters.csv) -- placeholder source for Costs_BAU

Sheet Alliance_2025
A1: Alliance for Automotive Innovation, "Get Connected: EV Quarterly Report" Q4 2025, p.15 -- 2025 (Full Year) New Light-Duty Vehicle Registrations By Powertrain
A2: Source: figures compiled by the Alliance with new registrations for retail and fleet data provided by S&P Global Mobility, January 1 - December 31, 2025. Embedded VERBATIM in published percent; cols G-I convert to fractions via Keys!pct_to_frac.
A4: state | B4: PHEV % | C4: BEV % | D4: FCEV % | E4: EV total % | G4: PHEV frac | H4: BEV frac | I4: H2 frac | J4: sum check
A5: AK | B5: 0.63 | C5: 2.5 | D5: 0 | E5: 3.13 | G5: =B5*Keys!$C$3 -> 0.0063 | H5: =C5*Keys!$C$3 -> 0.025 | I5: =D5*Keys!$C$3 -> 0 | J5: =B5+C5+D5-E5 -> 0
A6: AL | B6: 0.58 | C6: 3.04 | D6: 0 | E6: 3.62 | G6: =B6*Keys!$C$3 -> 0.0058 | H6: =C6*Keys!$C$3 -> 0.0304 | I6: =D6*Keys!$C$3 -> 0 | J6: =B6+C6+D6-E6 -> 0
A7: AR | B7: 0.54 | C7: 2.03 | D7: 0 | E7: 2.57 | G7: =B7*Keys!$C$3 -> 0.0054 | H7: =C7*Keys!$C$3 -> 0.0203 | I7: =D7*Keys!$C$3 -> 0 | J7: =B7+C7+D7-E7 -> 0
A8: AZ | B8: 1.18 | C8: 7.59 | D8: 0 | E8: 8.77 | G8: =B8*Keys!$C$3 -> 0.0118 | H8: =C8*Keys!$C$3 -> 0.0759 | I8: =D8*Keys!$C$3 -> 0 | J8: =B8+C8+D8-E8 -> 0
A9: CA | B9: 3.42 | C9: 20.42 | D9: 0.02 | E9: 23.86 | G9: =B9*Keys!$C$3 -> 0.0342 | H9: =C9*Keys!$C$3 -> 0.2042 | I9: =D9*Keys!$C$3 -> 0.0002 | J9: =B9+C9+D9-E9 -> 0
A10: CO | B10: 4.23 | C10: 15.62 | D10: 0 | E10: 19.85 | G10: =B10*Keys!$C$3 -> 0.0423 | H10: =C10*Keys!$C$3 -> 0.1562 | I10: =D10*Keys!$C$3 -> 0 | J10: =B10+C10+D10-E10 -> 0
A11: CT | B11: 2.88 | C11: 7.54 | D11: 0 | E11: 10.42 | G11: =B11*Keys!$C$3 -> 0.0288 | H11: =C11*Keys!$C$3 -> 0.0754 | I11: =D11*Keys!$C$3 -> 0 | J11: =B11+C11+D11-E11 -> 0
A12: DC | B12: 4.29 | C12: 14.7 | D12: 0 | E12: 18.98 | G12: =B12*Keys!$C$3 -> 0.0429 | H12: =C12*Keys!$C$3 -> 0.147 | I12: =D12*Keys!$C$3 -> 0 | J12: =B12+C12+D12-E12 -> 0.01
A13: DE | B13: 2.02 | C13: 7.23 | D13: 0 | E13: 9.26 | G13: =B13*Keys!$C$3 -> 0.0202 | H13: =C13*Keys!$C$3 -> 0.0723 | I13: =D13*Keys!$C$3 -> 0 | J13: =B13+C13+D13-E13 -> -0.01
A14: FL | B14: 1.35 | C14: 8.58 | D14: 0 | E14: 9.93 | G14: =B14*Keys!$C$3 -> 0.0135 | H14: =C14*Keys!$C$3 -> 0.0858 | I14: =D14*Keys!$C$3 -> 0 | J14: =B14+C14+D14-E14 -> 0
A15: GA | B15: 1.07 | C15: 7.63 | D15: 0 | E15: 8.7 | G15: =B15*Keys!$C$3 -> 0.0107 | H15: =C15*Keys!$C$3 -> 0.0763 | I15: =D15*Keys!$C$3 -> 0 | J15: =B15+C15+D15-E15 -> 0
A16: HI | B16: 1.52 | C16: 9.28 | D16: 0 | E16: 10.8 | G16: =B16*Keys!$C$3 -> 0.0152 | H16: =C16*Keys!$C$3 -> 0.0928 | I16: =D16*Keys!$C$3 -> 0 | J16: =B16+C16+D16-E16 -> 0
... A56: U.S. | B56: 1.72 | C56: 7.87 | D56: 0 | E56: 9.59 | G56: =B56*Keys!$C$3 -> 0.0172 | H56: =C56*Keys!$C$3 -> 0.0787 | I56: =D56*Keys!$C$3 -> 0 | J56: =B56+C56+D56-E56 -> 0

Sheet Costs_raw
A1: "BAU New Vehicle Cost per Mile" [LDVs,passenger,*], 2025, $/mile (2012 USD) -- embedded VERBATIM from the per-state BAU exports
A2: Source: state-eps-code/run-all/<ST>/BAU.tsv, first data column (= 2025). The standard run-all sweep already exports this variable, so no extra Vensim time is needed -- just rebuild after a sweep. (Verified identical to a dedicated export across CA/FL/ND/NY/TX, 2026-07-30.) TTSCOST.tsv from outputs/TTS/_export_bau_costs.py is the fallback for states a sweep has not covered; the source file is recorded per row.
A4: state_abbr | B4: BEV | C4: NGV | D4: gasoline | E4: diesel | F4: PHEV | G4: LPG | H4: H2 | I4: source file
A5: AL | B5: 0.546959 | C5: 0.436695 | D5: 0.407772 | E5: 0.466534 | F5: 0.428644 | G5: 7573.32 | H5: 0.524192 | I5: BAU.tsv
A6: AR | B6: 0.689851 | C6: 0.557837 | D6: 0.513717 | E6: 0.587663 | F6: 0.536695 | G6: 9674.21 | H6: 0.661737 | I6: BAU.tsv
A7: AZ | B7: 0.675449 | C7: 0.551364 | D7: 0.515567 | E7: 0.583551 | F7: 0.53654 | G7: 9561.96 | H7: 0.654388 | I7: BAU.tsv
A8: CA | B8: 0.715248 | C8: 0.578645 | D8: 0.536478 | E8: 0.61536 | F8: 0.587747 | G8: 10035.1 | H8: 0.685363 | I8: BAU.tsv
A9: CO | B9: 0.659681 | C9: 0.561807 | D9: 0.511724 | E9: 0.586671 | F9: 0.520398 | G9: 9743.05 | H9: 0.64193 | I9: BAU.tsv
A10: CT | B10: 0.582656 | C10: 0.468137 | D10: 0.431564 | E10: 0.497425 | F10: 0.475851 | G10: 8118.6 | H10: 0.557166 | I10: BAU.tsv
A11: DE | B11: 0.583769 | C11: 0.486529 | D11: 0.447214 | E11: 0.513531 | F11: 0.471471 | G11: 8437.56 | H11: 0.565734 | I11: BAU.tsv
A12: FL | B12: 0.642729 | C12: 0.523941 | D12: 0.485558 | E12: 0.556915 | F12: 0.508594 | G12: 9086.37 | H12: 0.623252 | I12: BAU.tsv
A13: GA | B13: 0.590461 | C13: 0.477947 | D13: 0.444317 | E13: 0.509483 | F13: 0.465724 | G13: 8288.72 | H13: 0.57103 | I13: BAU.tsv
A14: IA | B14: 0.776697 | C14: 0.628401 | D14: 0.576979 | E14: 0.660219 | F14: 0.603519 | G14: 10898 | H14: 0.741856 | I14: BAU.tsv
A15: ID | B15: 0.827244 | C15: 0.673521 | D15: 0.61828 | E15: 0.706378 | F15: 0.64332 | G15: 11680.4 | H15: 0.793085 | I15: BAU.tsv
A16: IL | B16: 0.773684 | C16: 0.641556 | D16: 0.589021 | E16: 0.675849 | F16: 0.619183 | G16: 11126.1 | H16: 0.740926 | I16: BAU.tsv
... A52: WY | B52: 0.76384 | C52: 0.620633 | D52: 0.570155 | E52: 0.651823 | F52: 0.595145 | G52: 10763.2 | H52: 0.733036 | I52: BAU.tsv

Sheet Costs_BAU
A1: BAU New Vehicle Cost per Mile -- passenger LDV, 2025 ($/mile, 2012 USD)
A2: All 48 states carry a real per-state BAU export (Costs_raw). No placeholders remain.
A4: state_abbr | B4: state_name | C4: BEV | D4: NGV | E4: gasoline | F4: diesel | G4: PHEV | H4: LPG | I4: H2 | J4: source
A5: AL | B5: Alabama | C5: =INDEX(Costs_raw!$B$5:$B$52,MATCH($A5,Costs_raw!$A$5:$A$52,0)) -> 0.546959 | D5: =INDEX(Costs_raw!$C$5:$C$52,MATCH($A5,Costs_raw!$A$5:$A$52,0)) -> 0.436695 | E5: =INDEX(Costs_raw!$D$5:$D$52,MATCH($A5,Costs_raw!$A$5:$A$52,0)) -> 0.407772 | F5: =INDEX(Costs_raw!$E$5:$E$52,MATCH($A5,Costs_raw!$A$5:$A$52,0)) -> 0.466534 | G5: =INDEX(Costs_raw!$F$5:$F$52,MATCH($A5,Costs_raw!$A$5:$A$52,0)) -> 0.428644 | H5: =INDEX(Costs_raw!$G$5:$G$52,MATCH($A5,Costs_raw!$A$5:$A$52,0)) -> 7573.32 | I5: =INDEX(Costs_raw!$H$5:$H$52,MATCH($A5,Costs_raw!$A$5:$A$52,0)) -> 0.524192 | J5: state BAU export
A6: AR | B6: Arkansas | C6: =INDEX(Costs_raw!$B$5:$B$52,MATCH($A6,Costs_raw!$A$5:$A$52,0)) -> 0.689851 | D6: =INDEX(Costs_raw!$C$5:$C$52,MATCH($A6,Costs_raw!$A$5:$A$52,0)) -> 0.557837 | E6: =INDEX(Costs_raw!$D$5:$D$52,MATCH($A6,Costs_raw!$A$5:$A$52,0)) -> 0.513717 | F6: =INDEX(Costs_raw!$E$5:$E$52,MATCH($A6,Costs_raw!$A$5:$A$52,0)) -> 0.587663 | G6: =INDEX(Costs_raw!$F$5:$F$52,MATCH($A6,Costs_raw!$A$5:$A$52,0)) -> 0.536695 | H6: =INDEX(Costs_raw!$G$5:$G$52,MATCH($A6,Costs_raw!$A$5:$A$52,0)) -> 9674.21 | I6: =INDEX(Costs_raw!$H$5:$H$52,MATCH($A6,Costs_raw!$A$5:$A$52,0)) -> 0.661737 | J6: state BAU export
A7: AZ | B7: Arizona | C7: =INDEX(Costs_raw!$B$5:$B$52,MATCH($A7,Costs_raw!$A$5:$A$52,0)) -> 0.675449 | D7: =INDEX(Costs_raw!$C$5:$C$52,MATCH($A7,Costs_raw!$A$5:$A$52,0)) -> 0.551364 | E7: =INDEX(Costs_raw!$D$5:$D$52,MATCH($A7,Costs_raw!$A$5:$A$52,0)) -> 0.515567 | F7: =INDEX(Costs_raw!$E$5:$E$52,MATCH($A7,Costs_raw!$A$5:$A$52,0)) -> 0.583551 | G7: =INDEX(Costs_raw!$F$5:$F$52,MATCH($A7,Costs_raw!$A$5:$A$52,0)) -> 0.53654 | H7: =INDEX(Costs_raw!$G$5:$G$52,MATCH($A7,Costs_raw!$A$5:$A$52,0)) -> 9561.96 | I7: =INDEX(Costs_raw!$H$5:$H$52,MATCH($A7,Costs_raw!$A$5:$A$52,0)) -> 0.654388 | J7: state BAU export
A8: CA | B8: California | C8: =INDEX(Costs_raw!$B$5:$B$52,MATCH($A8,Costs_raw!$A$5:$A$52,0)) -> 0.715248 | D8: =INDEX(Costs_raw!$C$5:$C$52,MATCH($A8,Costs_raw!$A$5:$A$52,0)) -> 0.578645 | E8: =INDEX(Costs_raw!$D$5:$D$52,MATCH($A8,Costs_raw!$A$5:$A$52,0)) -> 0.536478 | F8: =INDEX(Costs_raw!$E$5:$E$52,MATCH($A8,Costs_raw!$A$5:$A$52,0)) -> 0.61536 | G8: =INDEX(Costs_raw!$F$5:$F$52,MATCH($A8,Costs_raw!$A$5:$A$52,0)) -> 0.587747 | H8: =INDEX(Costs_raw!$G$5:$G$52,MATCH($A8,Costs_raw!$A$5:$A$52,0)) -> 10035.1 | I8: =INDEX(Costs_raw!$H$5:$H$52,MATCH($A8,Costs_raw!$A$5:$A$52,0)) -> 0.685363 | J8: state BAU export
A9: CO | B9: Colorado | C9: =INDEX(Costs_raw!$B$5:$B$52,MATCH($A9,Costs_raw!$A$5:$A$52,0)) -> 0.659681 | D9: =INDEX(Costs_raw!$C$5:$C$52,MATCH($A9,Costs_raw!$A$5:$A$52,0)) -> 0.561807 | E9: =INDEX(Costs_raw!$D$5:$D$52,MATCH($A9,Costs_raw!$A$5:$A$52,0)) -> 0.511724 | F9: =INDEX(Costs_raw!$E$5:$E$52,MATCH($A9,Costs_raw!$A$5:$A$52,0)) -> 0.586671 | G9: =INDEX(Costs_raw!$F$5:$F$52,MATCH($A9,Costs_raw!$A$5:$A$52,0)) -> 0.520398 | H9: =INDEX(Costs_raw!$G$5:$G$52,MATCH($A9,Costs_raw!$A$5:$A$52,0)) -> 9743.05 | I9: =INDEX(Costs_raw!$H$5:$H$52,MATCH($A9,Costs_raw!$A$5:$A$52,0)) -> 0.64193 | J9: state BAU export
A10: CT | B10: Connecticut | C10: =INDEX(Costs_raw!$B$5:$B$52,MATCH($A10,Costs_raw!$A$5:$A$52,0)) -> 0.582656 | D10: =INDEX(Costs_raw!$C$5:$C$52,MATCH($A10,Costs_raw!$A$5:$A$52,0)) -> 0.468137 | E10: =INDEX(Costs_raw!$D$5:$D$52,MATCH($A10,Costs_raw!$A$5:$A$52,0)) -> 0.431564 | F10: =INDEX(Costs_raw!$E$5:$E$52,MATCH($A10,Costs_raw!$A$5:$A$52,0)) -> 0.497425 | G10: =INDEX(Costs_raw!$F$5:$F$52,MATCH($A10,Costs_raw!$A$5:$A$52,0)) -> 0.475851 | H10: =INDEX(Costs_raw!$G$5:$G$52,MATCH($A10,Costs_raw!$A$5:$A$52,0)) -> 8118.6 | I10: =INDEX(Costs_raw!$H$5:$H$52,MATCH($A10,Costs_raw!$A$5:$A$52,0)) -> 0.557166 | J10: state BAU export
A11: DE | B11: Delaware | C11: =INDEX(Costs_raw!$B$5:$B$52,MATCH($A11,Costs_raw!$A$5:$A$52,0)) -> 0.583769 | D11: =INDEX(Costs_raw!$C$5:$C$52,MATCH($A11,Costs_raw!$A$5:$A$52,0)) -> 0.486529 | E11: =INDEX(Costs_raw!$D$5:$D$52,MATCH($A11,Costs_raw!$A$5:$A$52,0)) -> 0.447214 | F11: =INDEX(Costs_raw!$E$5:$E$52,MATCH($A11,Costs_raw!$A$5:$A$52,0)) -> 0.513531 | G11: =INDEX(Costs_raw!$F$5:$F$52,MATCH($A11,Costs_raw!$A$5:$A$52,0)) -> 0.471471 | H11: =INDEX(Costs_raw!$G$5:$G$52,MATCH($A11,Costs_raw!$A$5:$A$52,0)) -> 8437.56 | I11: =INDEX(Costs_raw!$H$5:$H$52,MATCH($A11,Costs_raw!$A$5:$A$52,0)) -> 0.565734 | J11: state BAU export
A12: FL | B12: Florida | C12: =INDEX(Costs_raw!$B$5:$B$52,MATCH($A12,Costs_raw!$A$5:$A$52,0)) -> 0.642729 | D12: =INDEX(Costs_raw!$C$5:$C$52,MATCH($A12,Costs_raw!$A$5:$A$52,0)) -> 0.523941 | E12: =INDEX(Costs_raw!$D$5:$D$52,MATCH($A12,Costs_raw!$A$5:$A$52,0)) -> 0.485558 | F12: =INDEX(Costs_raw!$E$5:$E$52,MATCH($A12,Costs_raw!$A$5:$A$52,0)) -> 0.556915 | G12: =INDEX(Costs_raw!$F$5:$F$52,MATCH($A12,Costs_raw!$A$5:$A$52,0)) -> 0.508594 | H12: =INDEX(Costs_raw!$G$5:$G$52,MATCH($A12,Costs_raw!$A$5:$A$52,0)) -> 9086.37 | I12: =INDEX(Costs_raw!$H$5:$H$52,MATCH($A12,Costs_raw!$A$5:$A$52,0)) -> 0.623252 | J12: state BAU export
A13: GA | B13: Georgia | C13: =INDEX(Costs_raw!$B$5:$B$52,MATCH($A13,Costs_raw!$A$5:$A$52,0)) -> 0.590461 | D13: =INDEX(Costs_raw!$C$5:$C$52,MATCH($A13,Costs_raw!$A$5:$A$52,0)) -> 0.477947 | E13: =INDEX(Costs_raw!$D$5:$D$52,MATCH($A13,Costs_raw!$A$5:$A$52,0)) -> 0.444317 | F13: =INDEX(Costs_raw!$E$5:$E$52,MATCH($A13,Costs_raw!$A$5:$A$52,0)) -> 0.509483 | G13: =INDEX(Costs_raw!$F$5:$F$52,MATCH($A13,Costs_raw!$A$5:$A$52,0)) -> 0.465724 | H13: =INDEX(Costs_raw!$G$5:$G$52,MATCH($A13,Costs_raw!$A$5:$A$52,0)) -> 8288.72 | I13: =INDEX(Costs_raw!$H$5:$H$52,MATCH($A13,Costs_raw!$A$5:$A$52,0)) -> 0.57103 | J13: state BAU export
A14: IA | B14: Iowa | C14: =INDEX(Costs_raw!$B$5:$B$52,MATCH($A14,Costs_raw!$A$5:$A$52,0)) -> 0.776697 | D14: =INDEX(Costs_raw!$C$5:$C$52,MATCH($A14,Costs_raw!$A$5:$A$52,0)) -> 0.628401 | E14: =INDEX(Costs_raw!$D$5:$D$52,MATCH($A14,Costs_raw!$A$5:$A$52,0)) -> 0.576979 | F14: =INDEX(Costs_raw!$E$5:$E$52,MATCH($A14,Costs_raw!$A$5:$A$52,0)) -> 0.660219 | G14: =INDEX(Costs_raw!$F$5:$F$52,MATCH($A14,Costs_raw!$A$5:$A$52,0)) -> 0.603519 | H14: =INDEX(Costs_raw!$G$5:$G$52,MATCH($A14,Costs_raw!$A$5:$A$52,0)) -> 10898 | I14: =INDEX(Costs_raw!$H$5:$H$52,MATCH($A14,Costs_raw!$A$5:$A$52,0)) -> 0.741856 | J14: state BAU export
A15: ID | B15: Idaho | C15: =INDEX(Costs_raw!$B$5:$B$52,MATCH($A15,Costs_raw!$A$5:$A$52,0)) -> 0.827244 | D15: =INDEX(Costs_raw!$C$5:$C$52,MATCH($A15,Costs_raw!$A$5:$A$52,0)) -> 0.673521 | E15: =INDEX(Costs_raw!$D$5:$D$52,MATCH($A15,Costs_raw!$A$5:$A$52,0)) -> 0.61828 | F15: =INDEX(Costs_raw!$E$5:$E$52,MATCH($A15,Costs_raw!$A$5:$A$52,0)) -> 0.706378 | G15: =INDEX(Costs_raw!$F$5:$F$52,MATCH($A15,Costs_raw!$A$5:$A$52,0)) -> 0.64332 | H15: =INDEX(Costs_raw!$G$5:$G$52,MATCH($A15,Costs_raw!$A$5:$A$52,0)) -> 11680.4 | I15: =INDEX(Costs_raw!$H$5:$H$52,MATCH($A15,Costs_raw!$A$5:$A$52,0)) -> 0.793085 | J15: state BAU export
A16: IL | B16: Illinois | C16: =INDEX(Costs_raw!$B$5:$B$52,MATCH($A16,Costs_raw!$A$5:$A$52,0)) -> 0.773684 | D16: =INDEX(Costs_raw!$C$5:$C$52,MATCH($A16,Costs_raw!$A$5:$A$52,0)) -> 0.641556 | E16: =INDEX(Costs_raw!$D$5:$D$52,MATCH($A16,Costs_raw!$A$5:$A$52,0)) -> 0.589021 | F16: =INDEX(Costs_raw!$E$5:$E$52,MATCH($A16,Costs_raw!$A$5:$A$52,0)) -> 0.675849 | G16: =INDEX(Costs_raw!$F$5:$F$52,MATCH($A16,Costs_raw!$A$5:$A$52,0)) -> 0.619183 | H16: =INDEX(Costs_raw!$G$5:$G$52,MATCH($A16,Costs_raw!$A$5:$A$52,0)) -> 11126.1 | I16: =INDEX(Costs_raw!$H$5:$H$52,MATCH($A16,Costs_raw!$A$5:$A$52,0)) -> 0.740926 | J16: state BAU export
... A52: WY | B52: Wyoming | C52: =INDEX(Costs_raw!$B$5:$B$52,MATCH($A52,Costs_raw!$A$5:$A$52,0)) -> 0.76384 | D52: =INDEX(Costs_raw!$C$5:$C$52,MATCH($A52,Costs_raw!$A$5:$A$52,0)) -> 0.620633 | E52: =INDEX(Costs_raw!$D$5:$D$52,MATCH($A52,Costs_raw!$A$5:$A$52,0)) -> 0.570155 | F52: =INDEX(Costs_raw!$E$5:$E$52,MATCH($A52,Costs_raw!$A$5:$A$52,0)) -> 0.651823 | G52: =INDEX(Costs_raw!$F$5:$F$52,MATCH($A52,Costs_raw!$A$5:$A$52,0)) -> 0.595145 | H52: =INDEX(Costs_raw!$G$5:$G$52,MATCH($A52,Costs_raw!$A$5:$A$52,0)) -> 10763.2 | I52: =INDEX(Costs_raw!$H$5:$H$52,MATCH($A52,Costs_raw!$A$5:$A$52,0)) -> 0.733036 | J52: state BAU export

Sheet Solve
A1: ZEV shareweight solve -- passenger LDV, 2025, all 48 EPS-modelled states
A2: Closed form: F = SUM(frozen fossil w * EXP(b*c)); D = F/(1-S_Z); w_k = s_k*D*EXP(-b*c_k). Fossil weights are frozen (Keys!frozen_w_*), so the fossil technologies split the residual (1-S_Z) in proportion to their existing weights. Reproduces the shipped US file to 1.6e-8 when fed US shares+costs.
A3: Then RESCALE (col R-Y, Olivia 2026-07-30): divide all SEVEN weights by MAX(1, w_BEV, w_PHEV, w_H2) so the max weight is 1, per the US solver convention. The logit is scale-invariant, so this leaves every realized share EXACTLY unchanged (cols Z-AB verify that) -- it only stops a >1 anchor from inverting the 2025->2050 s-curve, whose BEV endpoint is 1. It is a no-op wherever w_BEV <= 1, and there gasoline stays at exactly 1.0. Where it does bite, the fossil RATIOS are still frozen -- only the common scale moves, which is the only scale-invariant reading of "freeze the fossil weights".
A5: state_abbr | B5: state_name | C5: target BEV share | D5: target PHEV share | E5: target H2 share | F5: S_Z (ZEV total) | G5: b (exponent) | I5: gasoline term | J5: diesel term | K5: NGV term | L5: LPG term | M5: F (fossil denom) | N5: D (full denom) | O5: w BEV raw | P5: w PHEV raw | Q5: w H2 raw | R5: scale = MAX(1,ZEV w) | S5: w BEV | T5: w PHEV | U5: w H2 | V5: w gasoline | W5: w diesel | X5: w NGV | Y5: w LPG | Z5: check BEV share | AA5: check PHEV share | AB5: check H2 share | AC5: max abs err | AD5: QC | AF5: tier (1..4, low->high) | AG5: log10 w BEV raw | AH5: log10 w PHEV raw | AI5: log10 w H2 raw | AJ5: TIER w BEV (geomean) | AK5: TIER w PHEV | AL5: TIER w H2 | AM5: tier scale = MAX(1,ZEV) | AN5: tiered w BEV | AO5: tiered w PHEV | AP5: tiered w H2 | AQ5: tiered w gasoline | AR5: tiered w diesel | AS5: tiered w NGV | AT5: tiered w LPG | AU5: implied BEV share | AV5: implied PHEV share | AW5: implied H2 share | AX5: implied ZEV total | AY5: ZEV err vs target (pp)
A6: AL | B6: Alabama | C6: =INDEX(Alliance_2025!$H$5:$H$56,MATCH($A6,Alliance_2025!$A$5:$A$56,0)) -> 0.0304 | D6: =INDEX(Alliance_2025!$G$5:$G$56,MATCH($A6,Alliance_2025!$A$5:$A$56,0)) -> 0.0058 | E6: =INDEX(Alliance_2025!$I$5:$I$56,MATCH($A6,Alliance_2025!$A$5:$A$56,0)) -> 0 | F6: =C6+D6+E6 -> 0.0362 | G6: =Keys!$C$4 -> -8 | I6: =IF(INDEX(Costs_BAU!$E$5:$E$52,MATCH($A6,Costs_BAU!$A$5:$A$52,0))>Keys!$C$5,0,Keys!$C$6*EXP($G6*INDEX(Costs_BAU!$E$5:$E$52,MATCH($A6,Costs_BAU!$A$5:$A$52,0)))) -> 0.038304956 | J6: =IF(INDEX(Costs_BAU!$F$5:$F$52,MATCH($A6,Costs_BAU!$A$5:$A$52,0))>Keys!$C$5,0,Keys!$C$7*EXP($G6*INDEX(Costs_BAU!$F$5:$F$52,MATCH($A6,Costs_BAU!$A$5:$A$52,0)))) -> 0.0016263466 | K6: =IF(INDEX(Costs_BAU!$D$5:$D$52,MATCH($A6,Costs_BAU!$A$5:$A$52,0))>Keys!$C$5,0,Keys!$C$8*EXP($G6*INDEX(Costs_BAU!$D$5:$D$52,MATCH($A6,Costs_BAU!$A$5:$A$52,0)))) -> 3.2438507e-06 | L6: =IF(INDEX(Costs_BAU!$H$5:$H$52,MATCH($A6,Costs_BAU!$A$5:$A$52,0))>Keys!$C$5,0,Keys!$C$9*EXP($G6*INDEX(Costs_BAU!$H$5:$H$52,MATCH($A6,Costs_BAU!$A$5:$A$52,0)))) -> 0 | M6: =SUM(I6:L6) -> 0.039934546 | N6: =M6/(1-F6) -> 0.041434474 | O6: =$C6*$N6*EXP(-$G6*INDEX(Costs_BAU!$C$5:$C$52,MATCH($A6,Costs_BAU!$A$5:$A$52,0))) -> 0.10013032 | P6: =$D6*$N6*EXP(-$G6*INDEX(Costs_BAU!$G$5:$G$52,MATCH($A6,Costs_BAU!$A$5:$A$52,0))) -> 0.0074139835 | Q6: =$E6*$N6*EXP(-$G6*INDEX(Costs_BAU!$I$5:$I$52,MATCH($A6,Costs_BAU!$A$5:$A$52,0))) -> 0 | R6: =MAX(Keys!$C$15,O6,P6,Q6) -> 1 | S6: =O6/$R6 -> 0.10013032 | T6: =P6/$R6 -> 0.0074139835 | U6: =Q6/$R6 -> 0 | V6: =Keys!$C$6/$R6 -> 1 | W6: =Keys!$C$7/$R6 -> 0.067938858 | X6: =Keys!$C$8/$R6 -> 0.00010673201 | Y6: =Keys!$C$9/$R6 -> 0 | Z6: =S6*EXP($G6*INDEX(Costs_BAU!$C$5:$C$52,MATCH($A6,Costs_BAU!$A$5:$A$52,0)))/(S6*EXP($G6*INDEX(Costs_BAU!$C$5:$C$52,MATCH($A6,Costs_BAU!$A$5:$A$52,0)))+T6*EXP($G6*INDEX(Costs_BAU!$G$5:$G$52,MATCH($A6,Costs_BAU!$A$5:$A$52,0)))+U6*EXP($G6*INDEX(Costs_BAU!$I$5:$I$52,MATCH($A6,Costs_BAU!$A$5:$A$52,0)))+V6*EXP($G6*INDEX(Costs_BAU!$E$5:$E$52,MATCH($A6,Costs_BAU!$A$5:$A$52,0)))+W6*EXP($G6*INDEX(Costs_BAU!$F$5:$F$52,MATCH($A6,Costs_BAU!$A$5:$A$52,0)))+X6*EXP($G6*INDEX(Costs_BAU!$D$5:$D$52,MATCH($A6,Costs_BAU!$A$5:$A$52,0)))+Y6*EXP($G6*INDEX(Costs_BAU!$H$5:$H$52,MATCH($A6,Costs_BAU!$A$5:$A$52,0)))) -> 0.0304 | AA6: =T6*EXP($G6*INDEX(Costs_BAU!$G$5:$G$52,MATCH($A6,Costs_BAU!$A$5:$A$52,0)))/(S6*EXP($G6*INDEX(Costs_BAU!$C$5:$C$52,MATCH($A6,Costs_BAU!$A$5:$A$52,0)))+T6*EXP($G6*INDEX(Costs_BAU!$G$5:$G$52,MATCH($A6,Costs_BAU!$A$5:$A$52,0)))+U6*EXP($G6*INDEX(Costs_BAU!$I$5:$I$52,MATCH($A6,Costs_BAU!$A$5:$A$52,0)))+V6*EXP($G6*INDEX(Costs_BAU!$E$5:$E$52,MATCH($A6,Costs_BAU!$A$5:$A$52,0)))+W6*EXP($G6*INDEX(Costs_BAU!$F$5:$F$52,MATCH($A6,Costs_BAU!$A$5:$A$52,0)))+X6*EXP($G6*INDEX(Costs_BAU!$D$5:$D$52,MATCH($A6,Costs_BAU!$A$5:$A$52,0)))+Y6*EXP($G6*INDEX(Costs_BAU!$H$5:$H$52,MATCH($A6,Costs_BAU!$A$5:$A$52,0)))) -> 0.0058 | AB6: =U6*EXP($G6*INDEX(Costs_BAU!$I$5:$I$52,MATCH($A6,Costs_BAU!$A$5:$A$52,0)))/(S6*EXP($G6*INDEX(Costs_BAU!$C$5:$C$52,MATCH($A6,Costs_BAU!$A$5:$A$52,0)))+T6*EXP($G6*INDEX(Costs_BAU!$G$5:$G$52,MATCH($A6,Costs_BAU!$A$5:$A$52,0)))+U6*EXP($G6*INDEX(Costs_BAU!$I$5:$I$52,MATCH($A6,Costs_BAU!$A$5:$A$52,0)))+V6*EXP($G6*INDEX(Costs_BAU!$E$5:$E$52,MATCH($A6,Costs_BAU!$A$5:$A$52,0)))+W6*EXP($G6*INDEX(Costs_BAU!$F$5:$F$52,MATCH($A6,Costs_BAU!$A$5:$A$52,0)))+X6*EXP($G6*INDEX(Costs_BAU!$D$5:$D$52,MATCH($A6,Costs_BAU!$A$5:$A$52,0)))+Y6*EXP($G6*INDEX(Costs_BAU!$H$5:$H$52,MATCH($A6,Costs_BAU!$A$5:$A$52,0)))) -> 0 | AC6: =MAX(ABS(Z6-C6),ABS(AA6-D6),ABS(AB6-E6)) -> 3.469447e-18 | AD6: =IF(AC6>Keys!$C$14,"SHARE MISMATCH",IF(ABS(MAX(S6:Y6)-Keys!$C$15)>Keys!$C$14,"MAX WEIGHT <> 1",IF(R6>Keys!$C$15,"ok (rescaled)","ok"))) -> ok | AF6: 1 | AG6: =IF(O6>0,LOG10(O6),"") -> -0.99943438 | AH6: =IF(P6>0,LOG10(P6),"") -> -2.1299484 | AI6: =IF(Q6>0,LOG10(Q6),"") | AJ6: =IFERROR(10^AVERAGEIF($AF$6:$AF$53,AF6,$AG$6:$AG$53),0) -> 0.093934898 | AK6: =IFERROR(10^AVERAGEIF($AF$6:$AF$53,AF6,$AH$6:$AH$53),0) -> 0.010021685 | AL6: =IFERROR(10^AVERAGEIF($AF$6:$AF$53,AF6,$AI$6:$AI$53),0) -> 0 | AM6: =MAX(1,AJ6,AK6,AL6) -> 1 | AN6: =AJ6/AM6 -> 0.093934898 | AO6: =AK6/AM6 -> 0.010021685 | AP6: =AL6/AM6 -> 0 | AQ6: =Keys!$C$6/AM6 -> 1 | AR6: =Keys!$C$7/AM6 -> 0.067938858 | AS6: =Keys!$C$8/AM6 -> 0.00010673201 | AT6: =Keys!$C$9/AM6 -> 0 | AU6: =AN6*EXP($G6*INDEX(Costs_BAU!$C$5:$C$52,MATCH($A6,Costs_BAU!$A$5:$A$52,0)))/(AN6*EXP($G6*INDEX(Costs_BAU!$C$5:$C$52,MATCH($A6,Costs_BAU!$A$5:$A$52,0)))+AO6*EXP($G6*INDEX(Costs_BAU!$G$5:$G$52,MATCH($A6,Costs_BAU!$A$5:$A$52,0)))+AP6*EXP($G6*INDEX(Costs_BAU!$I$5:$I$52,MATCH($A6,Costs_BAU!$A$5:$A$52,0)))+AQ6*EXP($G6*INDEX(Costs_BAU!$E$5:$E$52,MATCH($A6,Costs_BAU!$A$5:$A$52,0)))+AR6*EXP($G6*INDEX(Costs_BAU!$F$5:$F$52,MATCH($A6,Costs_BAU!$A$5:$A$52,0)))+AS6*EXP($G6*INDEX(Costs_BAU!$D$5:$D$52,MATCH($A6,Costs_BAU!$A$5:$A$52,0)))+AT6*EXP($G6*INDEX(Costs_BAU!$H$5:$H$52,MATCH($A6,Costs_BAU!$A$5:$A$52,0)))) -> 0.028514506 | AV6: =AO6*EXP($G6*INDEX(Costs_BAU!$G$5:$G$52,MATCH($A6,Costs_BAU!$A$5:$A$52,0)))/(AN6*EXP($G6*INDEX(Costs_BAU!$C$5:$C$52,MATCH($A6,Costs_BAU!$A$5:$A$52,0)))+AO6*EXP($G6*INDEX(Costs_BAU!$G$5:$G$52,MATCH($A6,Costs_BAU!$A$5:$A$52,0)))+AP6*EXP($G6*INDEX(Costs_BAU!$I$5:$I$52,MATCH($A6,Costs_BAU!$A$5:$A$52,0)))+AQ6*EXP($G6*INDEX(Costs_BAU!$E$5:$E$52,MATCH($A6,Costs_BAU!$A$5:$A$52,0)))+AR6*EXP($G6*INDEX(Costs_BAU!$F$5:$F$52,MATCH($A6,Costs_BAU!$A$5:$A$52,0)))+AS6*EXP($G6*INDEX(Costs_BAU!$D$5:$D$52,MATCH($A6,Costs_BAU!$A$5:$A$52,0)))+AT6*EXP($G6*INDEX(Costs_BAU!$H$5:$H$52,MATCH($A6,Costs_BAU!$A$5:$A$52,0)))) -> 0.0078387724 | AW6: =AP6*EXP($G6*INDEX(Costs_BAU!$I$5:$I$52,MATCH($A6,Costs_BAU!$A$5:$A$52,0)))/(AN6*EXP($G6*INDEX(Costs_BAU!$C$5:$C$52,MATCH($A6,Costs_BAU!$A$5:$A$52,0)))+AO6*EXP($G6*INDEX(Costs_BAU!$G$5:$G$52,MATCH($A6,Costs_BAU!$A$5:$A$52,0)))+AP6*EXP($G6*INDEX(Costs_BAU!$I$5:$I$52,MATCH($A6,Costs_BAU!$A$5:$A$52,0)))+AQ6*EXP($G6*INDEX(Costs_BAU!$E$5:$E$52,MATCH($A6,Costs_BAU!$A$5:$A$52,0)))+AR6*EXP($G6*INDEX(Costs_BAU!$F$5:$F$52,MATCH($A6,Costs_BAU!$A$5:$A$52,0)))+AS6*EXP($G6*INDEX(Costs_BAU!$D$5:$D$52,MATCH($A6,Costs_BAU!$A$5:$A$52,0)))+AT6*EXP($G6*INDEX(Costs_BAU!$H$5:$H$52,MATCH($A6,Costs_BAU!$A$5:$A$52,0)))) -> 0 | AX6: =AU6+AV6+AW6 -> 0.036353279 | AY6: =(AX6-$F6)*100 -> 0.015327887
A7: AR | B7: Arkansas | C7: =INDEX(Alliance_2025!$H$5:$H$56,MATCH($A7,Alliance_2025!$A$5:$A$56,0)) -> 0.0203 | D7: =INDEX(Alliance_2025!$G$5:$G$56,MATCH($A7,Alliance_2025!$A$5:$A$56,0)) -> 0.0054 | E7: =INDEX(Alliance_2025!$I$5:$I$56,MATCH($A7,Alliance_2025!$A$5:$A$56,0)) -> 0 | F7: =C7+D7+E7 -> 0.0257 | G7: =Keys!$C$4 -> -8 | I7: =IF(INDEX(Costs_BAU!$E$5:$E$52,MATCH($A7,Costs_BAU!$A$5:$A$52,0))>Keys!$C$5,0,Keys!$C$6*EXP($G7*INDEX(Costs_BAU!$E$5:$E$52,MATCH($A7,Costs_BAU!$A$5:$A$52,0)))) -> 0.016412107 | J7: =IF(INDEX(Costs_BAU!$F$5:$F$52,MATCH($A7,Costs_BAU!$A$5:$A$52,0))>Keys!$C$5,0,Keys!$C$7*EXP($G7*INDEX(Costs_BAU!$F$5:$F$52,MATCH($A7,Costs_BAU!$A$5:$A$52,0)))) -> 0.0006171175 | K7: =IF(INDEX(Costs_BAU!$D$5:$D$52,MATCH($A7,Costs_BAU!$A$5:$A$52,0))>Keys!$C$5,0,Keys!$C$8*EXP($G7*INDEX(Costs_BAU!$D$5:$D$52,MATCH($A7,Costs_BAU!$A$5:$A$52,0)))) -> 1.2307517e-06 | L7: =IF(INDEX(Costs_BAU!$H$5:$H$52,MATCH($A7,Costs_BAU!$A$5:$A$52,0))>Keys!$C$5,0,Keys!$C$9*EXP($G7*INDEX(Costs_BAU!$H$5:$H$52,MATCH($A7,Costs_BAU!$A$5:$A$52,0)))) -> 0 | M7: =SUM(I7:L7) -> 0.017030455 | N7: =M7/(1-F7) -> 0.017479683 | O7: =$C7*$N7*EXP(-$G7*INDEX(Costs_BAU!$C$5:$C$52,MATCH($A7,Costs_BAU!$A$5:$A$52,0))) -> 0.088474364 | P7: =$D7*$N7*EXP(-$G7*INDEX(Costs_BAU!$G$5:$G$52,MATCH($A7,Costs_BAU!$A$5:$A$52,0))) -> 0.0069118885 | Q7: =$E7*$N7*EXP(-$G7*INDEX(Costs_BAU!$I$5:$I$52,MATCH($A7,Costs_BAU!$A$5:$A$52,0))) -> 0 | R7: =MAX(Keys!$C$15,O7,P7,Q7) -> 1 | S7: =O7/$R7 -> 0.088474364 | T7: =P7/$R7 -> 0.0069118885 | U7: =Q7/$R7 -> 0 | V7: =Keys!$C$6/$R7 -> 1 | W7: =Keys!$C$7/$R7 -> 0.067938858 | X7: =Keys!$C$8/$R7 -> 0.00010673201 | Y7: =Keys!$C$9/$R7 -> 0 | Z7: =S7*EXP($G7*INDEX(Costs_BAU!$C$5:$C$52,MATCH($A7,Costs_BAU!$A$5:$A$52,0)))/(S7*EXP($G7*INDEX(Costs_BAU!$C$5:$C$52,MATCH($A7,Costs_BAU!$A$5:$A$52,0)))+T7*EXP($G7*INDEX(Costs_BAU!$G$5:$G$52,MATCH($A7,Costs_BAU!$A$5:$A$52,0)))+U7*EXP($G7*INDEX(Costs_BAU!$I$5:$I$52,MATCH($A7,Costs_BAU!$A$5:$A$52,0)))+V7*EXP($G7*INDEX(Costs_BAU!$E$5:$E$52,MATCH($A7,Costs_BAU!$A$5:$A$52,0)))+W7*EXP($G7*INDEX(Costs_BAU!$F$5:$F$52,MATCH($A7,Costs_BAU!$A$5:$A$52,0)))+X7*EXP($G7*INDEX(Costs_BAU!$D$5:$D$52,MATCH($A7,Costs_BAU!$A$5:$A$52,0)))+Y7*EXP($G7*INDEX(Costs_BAU!$H$5:$H$52,MATCH($A7,Costs_BAU!$A$5:$A$52,0)))) -> 0.0203 | AA7: =T7*EXP($G7*INDEX(Costs_BAU!$G$5:$G$52,MATCH($A7,Costs_BAU!$A$5:$A$52,0)))/(S7*EXP($G7*INDEX(Costs_BAU!$C$5:$C$52,MATCH($A7,Costs_BAU!$A$5:$A$52,0)))+T7*EXP($G7*INDEX(Costs_BAU!$G$5:$G$52,MATCH($A7,Costs_BAU!$A$5:$A$52,0)))+U7*EXP($G7*INDEX(Costs_BAU!$I$5:$I$52,MATCH($A7,Costs_BAU!$A$5:$A$52,0)))+V7*EXP($G7*INDEX(Costs_BAU!$E$5:$E$52,MATCH($A7,Costs_BAU!$A$5:$A$52,0)))+W7*EXP($G7*INDEX(Costs_BAU!$F$5:$F$52,MATCH($A7,Costs_BAU!$A$5:$A$52,0)))+X7*EXP($G7*INDEX(Costs_BAU!$D$5:$D$52,MATCH($A7,Costs_BAU!$A$5:$A$52,0)))+Y7*EXP($G7*INDEX(Costs_BAU!$H$5:$H$52,MATCH($A7,Costs_BAU!$A$5:$A$52,0)))) -> 0.0054 | AB7: =U7*EXP($G7*INDEX(Costs_BAU!$I$5:$I$52,MATCH($A7,Costs_BAU!$A$5:$A$52,0)))/(S7*EXP($G7*INDEX(Costs_BAU!$C$5:$C$52,MATCH($A7,Costs_BAU!$A$5:$A$52,0)))+T7*EXP($G7*INDEX(Costs_BAU!$G$5:$G$52,MATCH($A7,Costs_BAU!$A$5:$A$52,0)))+U7*EXP($G7*INDEX(Costs_BAU!$I$5:$I$52,MATCH($A7,Costs_BAU!$A$5:$A$52,0)))+V7*EXP($G7*INDEX(Costs_BAU!$E$5:$E$52,MATCH($A7,Costs_BAU!$A$5:$A$52,0)))+W7*EXP($G7*INDEX(Costs_BAU!$F$5:$F$52,MATCH($A7,Costs_BAU!$A$5:$A$52,0)))+X7*EXP($G7*INDEX(Costs_BAU!$D$5:$D$52,MATCH($A7,Costs_BAU!$A$5:$A$52,0)))+Y7*EXP($G7*INDEX(Costs_BAU!$H$5:$H$52,MATCH($A7,Costs_BAU!$A$5:$A$52,0)))) -> 0 | AC7: =MAX(ABS(Z7-C7),ABS(AA7-D7),ABS(AB7-E7)) -> 3.469447e-18 | AD7: =IF(AC7>Keys!$C$14,"SHARE MISMATCH",IF(ABS(MAX(S7:Y7)-Keys!$C$15)>Keys!$C$14,"MAX WEIGHT <> 1",IF(R7>Keys!$C$15,"ok (rescaled)","ok"))) -> ok | AF7: 1 | AG7: =IF(O7>0,LOG10(O7),"") -> -1.0531826 | AH7: =IF(P7>0,LOG10(P7),"") -> -2.1604033 | AI7: =IF(Q7>0,LOG10(Q7),"") | AJ7: =IFERROR(10^AVERAGEIF($AF$6:$AF$53,AF7,$AG$6:$AG$53),0) -> 0.093934898 | AK7: =IFERROR(10^AVERAGEIF($AF$6:$AF$53,AF7,$AH$6:$AH$53),0) -> 0.010021685 | AL7: =IFERROR(10^AVERAGEIF($AF$6:$AF$53,AF7,$AI$6:$AI$53),0) -> 0 | AM7: =MAX(1,AJ7,AK7,AL7) -> 1 | AN7: =AJ7/AM7 -> 0.093934898 | AO7: =AK7/AM7 -> 0.010021685 | AP7: =AL7/AM7 -> 0 | AQ7: =Keys!$C$6/AM7 -> 1 | AR7: =Keys!$C$7/AM7 -> 0.067938858 | AS7: =Keys!$C$8/AM7 -> 0.00010673201 | AT7: =Keys!$C$9/AM7 -> 0 | AU7: =AN7*EXP($G7*INDEX(Costs_BAU!$C$5:$C$52,MATCH($A7,Costs_BAU!$A$5:$A$52,0)))/(AN7*EXP($G7*INDEX(Costs_BAU!$C$5:$C$52,MATCH($A7,Costs_BAU!$A$5:$A$52,0)))+AO7*EXP($G7*INDEX(Costs_BAU!$G$5:$G$52,MATCH($A7,Costs_BAU!$A$5:$A$52,0)))+AP7*EXP($G7*INDEX(Costs_BAU!$I$5:$I$52,MATCH($A7,Costs_BAU!$A$5:$A$52,0)))+AQ7*EXP($G7*INDEX(Costs_BAU!$E$5:$E$52,MATCH($A7,Costs_BAU!$A$5:$A$52,0)))+AR7*EXP($G7*INDEX(Costs_BAU!$F$5:$F$52,MATCH($A7,Costs_BAU!$A$5:$A$52,0)))+AS7*EXP($G7*INDEX(Costs_BAU!$D$5:$D$52,MATCH($A7,Costs_BAU!$A$5:$A$52,0)))+AT7*EXP($G7*INDEX(Costs_BAU!$H$5:$H$52,MATCH($A7,Costs_BAU!$A$5:$A$52,0)))) -> 0.021473816 | AV7: =AO7*EXP($G7*INDEX(Costs_BAU!$G$5:$G$52,MATCH($A7,Costs_BAU!$A$5:$A$52,0)))/(AN7*EXP($G7*INDEX(Costs_BAU!$C$5:$C$52,MATCH($A7,Costs_BAU!$A$5:$A$52,0)))+AO7*EXP($G7*INDEX(Costs_BAU!$G$5:$G$52,MATCH($A7,Costs_BAU!$A$5:$A$52,0)))+AP7*EXP($G7*INDEX(Costs_BAU!$I$5:$I$52,MATCH($A7,Costs_BAU!$A$5:$A$52,0)))+AQ7*EXP($G7*INDEX(Costs_BAU!$E$5:$E$52,MATCH($A7,Costs_BAU!$A$5:$A$52,0)))+AR7*EXP($G7*INDEX(Costs_BAU!$F$5:$F$52,MATCH($A7,Costs_BAU!$A$5:$A$52,0)))+AS7*EXP($G7*INDEX(Costs_BAU!$D$5:$D$52,MATCH($A7,Costs_BAU!$A$5:$A$52,0)))+AT7*EXP($G7*INDEX(Costs_BAU!$H$5:$H$52,MATCH($A7,Costs_BAU!$A$5:$A$52,0)))) -> 0.0078008415 | AW7: =AP7*EXP($G7*INDEX(Costs_BAU!$I$5:$I$52,MATCH($A7,Costs_BAU!$A$5:$A$52,0)))/(AN7*EXP($G7*INDEX(Costs_BAU!$C$5:$C$52,MATCH($A7,Costs_BAU!$A$5:$A$52,0)))+AO7*EXP($G7*INDEX(Costs_BAU!$G$5:$G$52,MATCH($A7,Costs_BAU!$A$5:$A$52,0)))+AP7*EXP($G7*INDEX(Costs_BAU!$I$5:$I$52,MATCH($A7,Costs_BAU!$A$5:$A$52,0)))+AQ7*EXP($G7*INDEX(Costs_BAU!$E$5:$E$52,MATCH($A7,Costs_BAU!$A$5:$A$52,0)))+AR7*EXP($G7*INDEX(Costs_BAU!$F$5:$F$52,MATCH($A7,Costs_BAU!$A$5:$A$52,0)))+AS7*EXP($G7*INDEX(Costs_BAU!$D$5:$D$52,MATCH($A7,Costs_BAU!$A$5:$A$52,0)))+AT7*EXP($G7*INDEX(Costs_BAU!$H$5:$H$52,MATCH($A7,Costs_BAU!$A$5:$A$52,0)))) -> 0 | AX7: =AU7+AV7+AW7 -> 0.029274657 | AY7: =(AX7-$F7)*100 -> 0.35746573
A8: AZ | B8: Arizona | C8: =INDEX(Alliance_2025!$H$5:$H$56,MATCH($A8,Alliance_2025!$A$5:$A$56,0)) -> 0.0759 | D8: =INDEX(Alliance_2025!$G$5:$G$56,MATCH($A8,Alliance_2025!$A$5:$A$56,0)) -> 0.0118 | E8: =INDEX(Alliance_2025!$I$5:$I$56,MATCH($A8,Alliance_2025!$A$5:$A$56,0)) -> 0 | F8: =C8+D8+E8 -> 0.0877 | G8: =Keys!$C$4 -> -8 | I8: =IF(INDEX(Costs_BAU!$E$5:$E$52,MATCH($A8,Costs_BAU!$A$5:$A$52,0))>Keys!$C$5,0,Keys!$C$6*EXP($G8*INDEX(Costs_BAU!$E$5:$E$52,MATCH($A8,Costs_BAU!$A$5:$A$52,0)))) -> 0.016170996 | J8: =IF(INDEX(Costs_BAU!$F$5:$F$52,MATCH($A8,Costs_BAU!$A$5:$A$52,0))>Keys!$C$5,0,Keys!$C$7*EXP($G8*INDEX(Costs_BAU!$F$5:$F$52,MATCH($A8,Costs_BAU!$A$5:$A$52,0)))) -> 0.00063775579 | K8: =IF(INDEX(Costs_BAU!$D$5:$D$52,MATCH($A8,Costs_BAU!$A$5:$A$52,0))>Keys!$C$5,0,Keys!$C$8*EXP($G8*INDEX(Costs_BAU!$D$5:$D$52,MATCH($A8,Costs_BAU!$A$5:$A$52,0)))) -> 1.296164e-06 | L8: =IF(INDEX(Costs_BAU!$H$5:$H$52,MATCH($A8,Costs_BAU!$A$5:$A$52,0))>Keys!$C$5,0,Keys!$C$9*EXP($G8*INDEX(Costs_BAU!$H$5:$H$52,MATCH($A8,Costs_BAU!$A$5:$A$52,0)))) -> 0 | M8: =SUM(I8:L8) -> 0.016810048 | N8: =M8/(1-F8) -> 0.018426009 | O8: =$C8*$N8*EXP(-$G8*INDEX(Costs_BAU!$C$5:$C$52,MATCH($A8,Costs_BAU!$A$5:$A$52,0))) -> 0.31075866 | P8: =$D8*$N8*EXP(-$G8*INDEX(Costs_BAU!$G$5:$G$52,MATCH($A8,Costs_BAU!$A$5:$A$52,0))) -> 0.015901723 | Q8: =$E8*$N8*EXP(-$G8*INDEX(Costs_BAU!$I$5:$I$52,MATCH($A8,Costs_BAU!$A$5:$A$52,0))) -> 0 | R8: =MAX(Keys!$C$15,O8,P8,Q8) -> 1 | S8: =O8/$R8 -> 0.31075866 | T8: =P8/$R8 -> 0.015901723 | U8: =Q8/$R8 -> 0 | V8: =Keys!$C$6/$R8 -> 1 | W8: =Keys!$C$7/$R8 -> 0.067938858 | X8: =Keys!$C$8/$R8 -> 0.00010673201 | Y8: =Keys!$C$9/$R8 -> 0 | Z8: =S8*EXP($G8*INDEX(Costs_BAU!$C$5:$C$52,MATCH($A8,Costs_BAU!$A$5:$A$52,0)))/(S8*EXP($G8*INDEX(Costs_BAU!$C$5:$C$52,MATCH($A8,Costs_BAU!$A$5:$A$52,0)))+T8*EXP($G8*INDEX(Costs_BAU!$G$5:$G$52,MATCH($A8,Costs_BAU!$A$5:$A$52,0)))+U8*EXP($G8*INDEX(Costs_BAU!$I$5:$I$52,MATCH($A8,Costs_BAU!$A$5:$A$52,0)))+V8*EXP($G8*INDEX(Costs_BAU!$E$5:$E$52,MATCH($A8,Costs_BAU!$A$5:$A$52,0)))+W8*EXP($G8*INDEX(Costs_BAU!$F$5:$F$52,MATCH($A8,Costs_BAU!$A$5:$A$52,0)))+X8*EXP($G8*INDEX(Costs_BAU!$D$5:$D$52,MATCH($A8,Costs_BAU!$A$5:$A$52,0)))+Y8*EXP($G8*INDEX(Costs_BAU!$H$5:$H$52,MATCH($A8,Costs_BAU!$A$5:$A$52,0)))) -> 0.0759 | AA8: =T8*EXP($G8*INDEX(Costs_BAU!$G$5:$G$52,MATCH($A8,Costs_BAU!$A$5:$A$52,0)))/(S8*EXP($G8*INDEX(Costs_BAU!$C$5:$C$52,MATCH($A8,Costs_BAU!$A$5:$A$52,0)))+T8*EXP($G8*INDEX(Costs_BAU!$G$5:$G$52,MATCH($A8,Costs_BAU!$A$5:$A$52,0)))+U8*EXP($G8*INDEX(Costs_BAU!$I$5:$I$52,MATCH($A8,Costs_BAU!$A$5:$A$52,0)))+V8*EXP($G8*INDEX(Costs_BAU!$E$5:$E$52,MATCH($A8,Costs_BAU!$A$5:$A$52,0)))+W8*EXP($G8*INDEX(Costs_BAU!$F$5:$F$52,MATCH($A8,Costs_BAU!$A$5:$A$52,0)))+X8*EXP($G8*INDEX(Costs_BAU!$D$5:$D$52,MATCH($A8,Costs_BAU!$A$5:$A$52,0)))+Y8*EXP($G8*INDEX(Costs_BAU!$H$5:$H$52,MATCH($A8,Costs_BAU!$A$5:$A$52,0)))) -> 0.0118 | AB8: =U8*EXP($G8*INDEX(Costs_BAU!$I$5:$I$52,MATCH($A8,Costs_BAU!$A$5:$A$52,0)))/(S8*EXP($G8*INDEX(Costs_BAU!$C$5:$C$52,MATCH($A8,Costs_BAU!$A$5:$A$52,0)))+T8*EXP($G8*INDEX(Costs_BAU!$G$5:$G$52,MATCH($A8,Costs_BAU!$A$5:$A$52,0)))+U8*EXP($G8*INDEX(Costs_BAU!$I$5:$I$52,MATCH($A8,Costs_BAU!$A$5:$A$52,0)))+V8*EXP($G8*INDEX(Costs_BAU!$E$5:$E$52,MATCH($A8,Costs_BAU!$A$5:$A$52,0)))+W8*EXP($G8*INDEX(Costs_BAU!$F$5:$F$52,MATCH($A8,Costs_BAU!$A$5:$A$52,0)))+X8*EXP($G8*INDEX(Costs_BAU!$D$5:$D$52,MATCH($A8,Costs_BAU!$A$5:$A$52,0)))+Y8*EXP($G8*INDEX(Costs_BAU!$H$5:$H$52,MATCH($A8,Costs_BAU!$A$5:$A$52,0)))) -> 0 | AC8: =MAX(ABS(Z8-C8),ABS(AA8-D8),ABS(AB8-E8)) -> 0 | AD8: =IF(AC8>Keys!$C$14,"SHARE MISMATCH",IF(ABS(MAX(S8:Y8)-Keys!$C$15)>Keys!$C$14,"MAX WEIGHT <> 1",IF(R8>Keys!$C$15,"ok (rescaled)","ok"))) -> ok | AF8: 2 | AG8: =IF(O8>0,LOG10(O8),"") -> -0.50757675 | AH8: =IF(P8>0,LOG10(P8),"") -> -1.7985558 | AI8: =IF(Q8>0,LOG10(Q8),"") | AJ8: =IFERROR(10^AVERAGEIF($AF$6:$AF$53,AF8,$AG$6:$AG$53),0) -> 0.2499031 | AK8: =IFERROR(10^AVERAGEIF($AF$6:$AF$53,AF8,$AH$6:$AH$53),0) -> 0.022961157 | AL8: =IFERROR(10^AVERAGEIF($AF$6:$AF$53,AF8,$AI$6:$AI$53),0) -> 0 | AM8: =MAX(1,AJ8,AK8,AL8) -> 1 | AN8: =AJ8/AM8 -> 0.2499031 | AO8: =AK8/AM8 -> 0.022961157 | AP8: =AL8/AM8 -> 0 | AQ8: =Keys!$C$6/AM8 -> 1 | AR8: =Keys!$C$7/AM8 -> 0.067938858 | AS8: =Keys!$C$8/AM8 -> 0.00010673201 | AT8: =Keys!$C$9/AM8 -> 0 | AU8: =AN8*EXP($G8*INDEX(Costs_BAU!$C$5:$C$52,MATCH($A8,Costs_BAU!$A$5:$A$52,0)))/(AN8*EXP($G8*INDEX(Costs_BAU!$C$5:$C$52,MATCH($A8,Costs_BAU!$A$5:$A$52,0)))+AO8*EXP($G8*INDEX(Costs_BAU!$G$5:$G$52,MATCH($A8,Costs_BAU!$A$5:$A$52,0)))+AP8*EXP($G8*INDEX(Costs_BAU!$I$5:$I$52,MATCH($A8,Costs_BAU!$A$5:$A$52,0)))+AQ8*EXP($G8*INDEX(Costs_BAU!$E$5:$E$52,MATCH($A8,Costs_BAU!$A$5:$A$52,0)))+AR8*EXP($G8*INDEX(Costs_BAU!$F$5:$F$52,MATCH($A8,Costs_BAU!$A$5:$A$52,0)))+AS8*EXP($G8*INDEX(Costs_BAU!$D$5:$D$52,MATCH($A8,Costs_BAU!$A$5:$A$52,0)))+AT8*EXP($G8*INDEX(Costs_BAU!$H$5:$H$52,MATCH($A8,Costs_BAU!$A$5:$A$52,0)))) -> 0.061629758 | AV8: =AO8*EXP($G8*INDEX(Costs_BAU!$G$5:$G$52,MATCH($A8,Costs_BAU!$A$5:$A$52,0)))/(AN8*EXP($G8*INDEX(Costs_BAU!$C$5:$C$52,MATCH($A8,Costs_BAU!$A$5:$A$52,0)))+AO8*EXP($G8*INDEX(Costs_BAU!$G$5:$G$52,MATCH($A8,Costs_BAU!$A$5:$A$52,0)))+AP8*EXP($G8*INDEX(Costs_BAU!$I$5:$I$52,MATCH($A8,Costs_BAU!$A$5:$A$52,0)))+AQ8*EXP($G8*INDEX(Costs_BAU!$E$5:$E$52,MATCH($A8,Costs_BAU!$A$5:$A$52,0)))+AR8*EXP($G8*INDEX(Costs_BAU!$F$5:$F$52,MATCH($A8,Costs_BAU!$A$5:$A$52,0)))+AS8*EXP($G8*INDEX(Costs_BAU!$D$5:$D$52,MATCH($A8,Costs_BAU!$A$5:$A$52,0)))+AT8*EXP($G8*INDEX(Costs_BAU!$H$5:$H$52,MATCH($A8,Costs_BAU!$A$5:$A$52,0)))) -> 0.017204097 | AW8: =AP8*EXP($G8*INDEX(Costs_BAU!$I$5:$I$52,MATCH($A8,Costs_BAU!$A$5:$A$52,0)))/(AN8*EXP($G8*INDEX(Costs_BAU!$C$5:$C$52,MATCH($A8,Costs_BAU!$A$5:$A$52,0)))+AO8*EXP($G8*INDEX(Costs_BAU!$G$5:$G$52,MATCH($A8,Costs_BAU!$A$5:$A$52,0)))+AP8*EXP($G8*INDEX(Costs_BAU!$I$5:$I$52,MATCH($A8,Costs_BAU!$A$5:$A$52,0)))+AQ8*EXP($G8*INDEX(Costs_BAU!$E$5:$E$52,MATCH($A8,Costs_BAU!$A$5:$A$52,0)))+AR8*EXP($G8*INDEX(Costs_BAU!$F$5:$F$52,MATCH($A8,Costs_BAU!$A$5:$A$52,0)))+AS8*EXP($G8*INDEX(Costs_BAU!$D$5:$D$52,MATCH($A8,Costs_BAU!$A$5:$A$52,0)))+AT8*EXP($G8*INDEX(Costs_BAU!$H$5:$H$52,MATCH($A8,Costs_BAU!$A$5:$A$52,0)))) -> 0 | AX8: =AU8+AV8+AW8 -> 0.078833855 | AY8: =(AX8-$F8)*100 -> -0.8866145
A9: CA | B9: California | C9: =INDEX(Alliance_2025!$H$5:$H$56,MATCH($A9,Alliance_2025!$A$5:$A$56,0)) -> 0.2042 | D9: =INDEX(Alliance_2025!$G$5:$G$56,MATCH($A9,Alliance_2025!$A$5:$A$56,0)) -> 0.0342 | E9: =INDEX(Alliance_2025!$I$5:$I$56,MATCH($A9,Alliance_2025!$A$5:$A$56,0)) -> 0.0002 | F9: =C9+D9+E9 -> 0.2386 | G9: =Keys!$C$4 -> -8 | I9: =IF(INDEX(Costs_BAU!$E$5:$E$52,MATCH($A9,Costs_BAU!$A$5:$A$52,0))>Keys!$C$5,0,Keys!$C$6*EXP($G9*INDEX(Costs_BAU!$E$5:$E$52,MATCH($A9,Costs_BAU!$A$5:$A$52,0)))) -> 0.01367995 | J9: =IF(INDEX(Costs_BAU!$F$5:$F$52,MATCH($A9,Costs_BAU!$A$5:$A$52,0))>Keys!$C$5,0,Keys!$C$7*EXP($G9*INDEX(Costs_BAU!$F$5:$F$52,MATCH($A9,Costs_BAU!$A$5:$A$52,0)))) -> 0.0004944685 | K9: =IF(INDEX(Costs_BAU!$D$5:$D$52,MATCH($A9,Costs_BAU!$A$5:$A$52,0))>Keys!$C$5,0,Keys!$C$8*EXP($G9*INDEX(Costs_BAU!$D$5:$D$52,MATCH($A9,Costs_BAU!$A$5:$A$52,0)))) -> 1.04202e-06 | L9: =IF(INDEX(Costs_BAU!$H$5:$H$52,MATCH($A9,Costs_BAU!$A$5:$A$52,0))>Keys!$C$5,0,Keys!$C$9*EXP($G9*INDEX(Costs_BAU!$H$5:$H$52,MATCH($A9,Costs_BAU!$A$5:$A$52,0)))) -> 0 | M9: =SUM(I9:L9) -> 0.014175461 | N9: =M9/(1-F9) -> 0.018617626 | O9: =$C9*$N9*EXP(-$G9*INDEX(Costs_BAU!$C$5:$C$52,MATCH($A9,Costs_BAU!$A$5:$A$52,0))) -> 1.161465 | P9: =$D9*$N9*EXP(-$G9*INDEX(Costs_BAU!$G$5:$G$52,MATCH($A9,Costs_BAU!$A$5:$A$52,0))) -> 0.070144343 | Q9: =$E9*$N9*EXP(-$G9*INDEX(Costs_BAU!$I$5:$I$52,MATCH($A9,Costs_BAU!$A$5:$A$52,0))) -> 0.00089567254 | R9: =MAX(Keys!$C$15,O9,P9,Q9) -> 1.161465 | S9: =O9/$R9 -> 1 | T9: =P9/$R9 -> 0.060392989 | U9: =Q9/$R9 -> 0.00077115758 | V9: =Keys!$C$6/$R9 -> 0.8609816 | W9: =Keys!$C$7/$R9 -> 0.058494107 | X9: =Keys!$C$8/$R9 -> 9.1894296e-05 | Y9: =Keys!$C$9/$R9 -> 0 | Z9: =S9*EXP($G9*INDEX(Costs_BAU!$C$5:$C$52,MATCH($A9,Costs_BAU!$A$5:$A$52,0)))/(S9*EXP($G9*INDEX(Costs_BAU!$C$5:$C$52,MATCH($A9,Costs_BAU!$A$5:$A$52,0)))+T9*EXP($G9*INDEX(Costs_BAU!$G$5:$G$52,MATCH($A9,Costs_BAU!$A$5:$A$52,0)))+U9*EXP($G9*INDEX(Costs_BAU!$I$5:$I$52,MATCH($A9,Costs_BAU!$A$5:$A$52,0)))+V9*EXP($G9*INDEX(Costs_BAU!$E$5:$E$52,MATCH($A9,Costs_BAU!$A$5:$A$52,0)))+W9*EXP($G9*INDEX(Costs_BAU!$F$5:$F$52,MATCH($A9,Costs_BAU!$A$5:$A$52,0)))+X9*EXP($G9*INDEX(Costs_BAU!$D$5:$D$52,MATCH($A9,Costs_BAU!$A$5:$A$52,0)))+Y9*EXP($G9*INDEX(Costs_BAU!$H$5:$H$52,MATCH($A9,Costs_BAU!$A$5:$A$52,0)))) -> 0.2042 | AA9: =T9*EXP($G9*INDEX(Costs_BAU!$G$5:$G$52,MATCH($A9,Costs_BAU!$A$5:$A$52,0)))/(S9*EXP($G9*INDEX(Costs_BAU!$C$5:$C$52,MATCH($A9,Costs_BAU!$A$5:$A$52,0)))+T9*EXP($G9*INDEX(Costs_BAU!$G$5:$G$52,MATCH($A9,Costs_BAU!$A$5:$A$52,0)))+U9*EXP($G9*INDEX(Costs_BAU!$I$5:$I$52,MATCH($A9,Costs_BAU!$A$5:$A$52,0)))+V9*EXP($G9*INDEX(Costs_BAU!$E$5:$E$52,MATCH($A9,Costs_BAU!$A$5:$A$52,0)))+W9*EXP($G9*INDEX(Costs_BAU!$F$5:$F$52,MATCH($A9,Costs_BAU!$A$5:$A$52,0)))+X9*EXP($G9*INDEX(Costs_BAU!$D$5:$D$52,MATCH($A9,Costs_BAU!$A$5:$A$52,0)))+Y9*EXP($G9*INDEX(Costs_BAU!$H$5:$H$52,MATCH($A9,Costs_BAU!$A$5:$A$52,0)))) -> 0.0342 | AB9: =U9*EXP($G9*INDEX(Costs_BAU!$I$5:$I$52,MATCH($A9,Costs_BAU!$A$5:$A$52,0)))/(S9*EXP($G9*INDEX(Costs_BAU!$C$5:$C$52,MATCH($A9,Costs_BAU!$A$5:$A$52,0)))+T9*EXP($G9*INDEX(Costs_BAU!$G$5:$G$52,MATCH($A9,Costs_BAU!$A$5:$A$52,0)))+U9*EXP($G9*INDEX(Costs_BAU!$I$5:$I$52,MATCH($A9,Costs_BAU!$A$5:$A$52,0)))+V9*EXP($G9*INDEX(Costs_BAU!$E$5:$E$52,MATCH($A9,Costs_BAU!$A$5:$A$52,0)))+W9*EXP($G9*INDEX(Costs_BAU!$F$5:$F$52,MATCH($A9,Costs_BAU!$A$5:$A$52,0)))+X9*EXP($G9*INDEX(Costs_BAU!$D$5:$D$52,MATCH($A9,Costs_BAU!$A$5:$A$52,0)))+Y9*EXP($G9*INDEX(Costs_BAU!$H$5:$H$52,MATCH($A9,Costs_BAU!$A$5:$A$52,0)))) -> 0.0002 | AC9: =MAX(ABS(Z9-C9),ABS(AA9-D9),ABS(AB9-E9)) -> 2.7755576e-17 | AD9: =IF(AC9>Keys!$C$14,"SHARE MISMATCH",IF(ABS(MAX(S9:Y9)-Keys!$C$15)>Keys!$C$14,"MAX WEIGHT <> 1",IF(R9>Keys!$C$15,"ok (rescaled)","ok"))) -> ok (rescaled) | AF9: 4 | AG9: =IF(O9>0,LOG10(O9),"") -> 0.065006128 | AH9: =IF(P9>0,LOG10(P9),"") -> -1.1540073 | AI9: =IF(Q9>0,LOG10(Q9),"") -> -3.0478507 | AJ9: =IFERROR(10^AVERAGEIF($AF$6:$AF$53,AF9,$AG$6:$AG$53),0) -> 1.1336988 | AK9: =IFERROR(10^AVERAGEIF($AF$6:$AF$53,AF9,$AH$6:$AH$53),0) -> 0.057986931 | AL9: =IFERROR(10^AVERAGEIF($AF$6:$AF$53,AF9,$AI$6:$AI$53),0) -> 0.00089567254 | AM9: =MAX(1,AJ9,AK9,AL9) -> 1.1336988 | AN9: =AJ9/AM9 -> 1 | AO9: =AK9/AM9 -> 0.051148447 | AP9: =AL9/AM9 -> 0.00079004457 | AQ9: =Keys!$C$6/AM9 -> 0.88206854 | AR9: =Keys!$C$7/AM9 -> 0.059926729 | AS9: =Keys!$C$8/AM9 -> 9.4144947e-05 | AT9: =Keys!$C$9/AM9 -> 0 | AU9: =AN9*EXP($G9*INDEX(Costs_BAU!$C$5:$C$52,MATCH($A9,Costs_BAU!$A$5:$A$52,0)))/(AN9*EXP($G9*INDEX(Costs_BAU!$C$5:$C$52,MATCH($A9,Costs_BAU!$A$5:$A$52,0)))+AO9*EXP($G9*INDEX(Costs_BAU!$G$5:$G$52,MATCH($A9,Costs_BAU!$A$5:$A$52,0)))+AP9*EXP($G9*INDEX(Costs_BAU!$I$5:$I$52,MATCH($A9,Costs_BAU!$A$5:$A$52,0)))+AQ9*EXP($G9*INDEX(Costs_BAU!$E$5:$E$52,MATCH($A9,Costs_BAU!$A$5:$A$52,0)))+AR9*EXP($G9*INDEX(Costs_BAU!$F$5:$F$52,MATCH($A9,Costs_BAU!$A$5:$A$52,0)))+AS9*EXP($G9*INDEX(Costs_BAU!$D$5:$D$52,MATCH($A9,Costs_BAU!$A$5:$A$52,0)))+AT9*EXP($G9*INDEX(Costs_BAU!$H$5:$H$52,MATCH($A9,Costs_BAU!$A$5:$A$52,0)))) -> 0.20149636 | AV9: =AO9*EXP($G9*INDEX(Costs_BAU!$G$5:$G$52,MATCH($A9,Costs_BAU!$A$5:$A$52,0)))/(AN9*EXP($G9*INDEX(Costs_BAU!$C$5:$C$52,MATCH($A9,Costs_BAU!$A$5:$A$52,0)))+AO9*EXP($G9*INDEX(Costs_BAU!$G$5:$G$52,MATCH($A9,Costs_BAU!$A$5:$A$52,0)))+AP9*EXP($G9*INDEX(Costs_BAU!$I$5:$I$52,MATCH($A9,Costs_BAU!$A$5:$A$52,0)))+AQ9*EXP($G9*INDEX(Costs_BAU!$E$5:$E$52,MATCH($A9,Costs_BAU!$A$5:$A$52,0)))+AR9*EXP($G9*INDEX(Costs_BAU!$F$5:$F$52,MATCH($A9,Costs_BAU!$A$5:$A$52,0)))+AS9*EXP($G9*INDEX(Costs_BAU!$D$5:$D$52,MATCH($A9,Costs_BAU!$A$5:$A$52,0)))+AT9*EXP($G9*INDEX(Costs_BAU!$H$5:$H$52,MATCH($A9,Costs_BAU!$A$5:$A$52,0)))) -> 0.028581401 | AW9: =AP9*EXP($G9*INDEX(Costs_BAU!$I$5:$I$52,MATCH($A9,Costs_BAU!$A$5:$A$52,0)))/(AN9*EXP($G9*INDEX(Costs_BAU!$C$5:$C$52,MATCH($A9,Costs_BAU!$A$5:$A$52,0)))+AO9*EXP($G9*INDEX(Costs_BAU!$G$5:$G$52,MATCH($A9,Costs_BAU!$A$5:$A$52,0)))+AP9*EXP($G9*INDEX(Costs_BAU!$I$5:$I$52,MATCH($A9,Costs_BAU!$A$5:$A$52,0)))+AQ9*EXP($G9*INDEX(Costs_BAU!$E$5:$E$52,MATCH($A9,Costs_BAU!$A$5:$A$52,0)))+AR9*EXP($G9*INDEX(Costs_BAU!$F$5:$F$52,MATCH($A9,Costs_BAU!$A$5:$A$52,0)))+AS9*EXP($G9*INDEX(Costs_BAU!$D$5:$D$52,MATCH($A9,Costs_BAU!$A$5:$A$52,0)))+AT9*EXP($G9*INDEX(Costs_BAU!$H$5:$H$52,MATCH($A9,Costs_BAU!$A$5:$A$52,0)))) -> 0.00020218546 | AX9: =AU9+AV9+AW9 -> 0.23027995 | AY9: =(AX9-$F9)*100 -> -0.83200528
A10: CO | B10: Colorado | C10: =INDEX(Alliance_2025!$H$5:$H$56,MATCH($A10,Alliance_2025!$A$5:$A$56,0)) -> 0.1562 | D10: =INDEX(Alliance_2025!$G$5:$G$56,MATCH($A10,Alliance_2025!$A$5:$A$56,0)) -> 0.0423 | E10: =INDEX(Alliance_2025!$I$5:$I$56,MATCH($A10,Alliance_2025!$A$5:$A$56,0)) -> 0 | F10: =C10+D10+E10 -> 0.1985 | G10: =Keys!$C$4 -> -8 | I10: =IF(INDEX(Costs_BAU!$E$5:$E$52,MATCH($A10,Costs_BAU!$A$5:$A$52,0))>Keys!$C$5,0,Keys!$C$6*EXP($G10*INDEX(Costs_BAU!$E$5:$E$52,MATCH($A10,Costs_BAU!$A$5:$A$52,0)))) -> 0.016675879 | J10: =IF(INDEX(Costs_BAU!$F$5:$F$52,MATCH($A10,Costs_BAU!$A$5:$A$52,0))>Keys!$C$5,0,Keys!$C$7*EXP($G10*INDEX(Costs_BAU!$F$5:$F$52,MATCH($A10,Costs_BAU!$A$5:$A$52,0)))) -> 0.00062203443 | K10: =IF(INDEX(Costs_BAU!$D$5:$D$52,MATCH($A10,Costs_BAU!$A$5:$A$52,0))>Keys!$C$5,0,Keys!$C$8*EXP($G10*INDEX(Costs_BAU!$D$5:$D$52,MATCH($A10,Costs_BAU!$A$5:$A$52,0)))) -> 1.1922772e-06 | L10: =IF(INDEX(Costs_BAU!$H$5:$H$52,MATCH($A10,Costs_BAU!$A$5:$A$52,0))>Keys!$C$5,0,Keys!$C$9*EXP($G10*INDEX(Costs_BAU!$H$5:$H$52,MATCH($A10,Costs_BAU!$A$5:$A$52,0)))) -> 0 | M10: =SUM(I10:L10) -> 0.017299105 | N10: =M10/(1-F10) -> 0.021583413 | O10: =$C10*$N10*EXP(-$G10*INDEX(Costs_BAU!$C$5:$C$52,MATCH($A10,Costs_BAU!$A$5:$A$52,0))) -> 0.66034013 | P10: =$D10*$N10*EXP(-$G10*INDEX(Costs_BAU!$G$5:$G$52,MATCH($A10,Costs_BAU!$A$5:$A$52,0))) -> 0.058682461 | Q10: =$E10*$N10*EXP(-$G10*INDEX(Costs_BAU!$I$5:$I$52,MATCH($A10,Costs_BAU!$A$5:$A$52,0))) -> 0 | R10: =MAX(Keys!$C$15,O10,P10,Q10) -> 1 | S10: =O10/$R10 -> 0.66034013 | T10: =P10/$R10 -> 0.058682461 | U10: =Q10/$R10 -> 0 | V10: =Keys!$C$6/$R10 -> 1 | W10: =Keys!$C$7/$R10 -> 0.067938858 | X10: =Keys!$C$8/$R10 -> 0.00010673201 | Y10: =Keys!$C$9/$R10 -> 0 | Z10: =S10*EXP($G10*INDEX(Costs_BAU!$C$5:$C$52,MATCH($A10,Costs_BAU!$A$5:$A$52,0)))/(S10*EXP($G10*INDEX(Costs_BAU!$C$5:$C$52,MATCH($A10,Costs_BAU!$A$5:$A$52,0)))+T10*EXP($G10*INDEX(Costs_BAU!$G$5:$G$52,MATCH($A10,Costs_BAU!$A$5:$A$52,0)))+U10*EXP($G10*INDEX(Costs_BAU!$I$5:$I$52,MATCH($A10,Costs_BAU!$A$5:$A$52,0)))+V10*EXP($G10*INDEX(Costs_BAU!$E$5:$E$52,MATCH($A10,Costs_BAU!$A$5:$A$52,0)))+W10*EXP($G10*INDEX(Costs_BAU!$F$5:$F$52,MATCH($A10,Costs_BAU!$A$5:$A$52,0)))+X10*EXP($G10*INDEX(Costs_BAU!$D$5:$D$52,MATCH($A10,Costs_BAU!$A$5:$A$52,0)))+Y10*EXP($G10*INDEX(Costs_BAU!$H$5:$H$52,MATCH($A10,Costs_BAU!$A$5:$A$52,0)))) -> 0.1562 | AA10: =T10*EXP($G10*INDEX(Costs_BAU!$G$5:$G$52,MATCH($A10,Costs_BAU!$A$5:$A$52,0)))/(S10*EXP($G10*INDEX(Costs_BAU!$C$5:$C$52,MATCH($A10,Costs_BAU!$A$5:$A$52,0)))+T10*EXP($G10*INDEX(Costs_BAU!$G$5:$G$52,MATCH($A10,Costs_BAU!$A$5:$A$52,0)))+U10*EXP($G10*INDEX(Costs_BAU!$I$5:$I$52,MATCH($A10,Costs_BAU!$A$5:$A$52,0)))+V10*EXP($G10*INDEX(Costs_BAU!$E$5:$E$52,MATCH($A10,Costs_BAU!$A$5:$A$52,0)))+W10*EXP($G10*INDEX(Costs_BAU!$F$5:$F$52,MATCH($A10,Costs_BAU!$A$5:$A$52,0)))+X10*EXP($G10*INDEX(Costs_BAU!$D$5:$D$52,MATCH($A10,Costs_BAU!$A$5:$A$52,0)))+Y10*EXP($G10*INDEX(Costs_BAU!$H$5:$H$52,MATCH($A10,Costs_BAU!$A$5:$A$52,0)))) -> 0.0423 | AB10: =U10*EXP($G10*INDEX(Costs_BAU!$I$5:$I$52,MATCH($A10,Costs_BAU!$A$5:$A$52,0)))/(S10*EXP($G10*INDEX(Costs_BAU!$C$5:$C$52,MATCH($A10,Costs_BAU!$A$5:$A$52,0)))+T10*EXP($G10*INDEX(Costs_BAU!$G$5:$G$52,MATCH($A10,Costs_BAU!$A$5:$A$52,0)))+U10*EXP($G10*INDEX(Costs_BAU!$I$5:$I$52,MATCH($A10,Costs_BAU!$A$5:$A$52,0)))+V10*EXP($G10*INDEX(Costs_BAU!$E$5:$E$52,MATCH($A10,Costs_BAU!$A$5:$A$52,0)))+W10*EXP($G10*INDEX(Costs_BAU!$F$5:$F$52,MATCH($A10,Costs_BAU!$A$5:$A$52,0)))+X10*EXP($G10*INDEX(Costs_BAU!$D$5:$D$52,MATCH($A10,Costs_BAU!$A$5:$A$52,0)))+Y10*EXP($G10*INDEX(Costs_BAU!$H$5:$H$52,MATCH($A10,Costs_BAU!$A$5:$A$52,0)))) -> 0 | AC10: =MAX(ABS(Z10-C10),ABS(AA10-D10),ABS(AB10-E10)) -> 0 | AD10: =IF(AC10>Keys!$C$14,"SHARE MISMATCH",IF(ABS(MAX(S10:Y10)-Keys!$C$15)>Keys!$C$14,"MAX WEIGHT <> 1",IF(R10>Keys!$C$15,"ok (rescaled)","ok"))) -> ok | AF10: 3 | AG10: =IF(O10>0,LOG10(O10),"") -> -0.18023231 | AH10: =IF(P10>0,LOG10(P10),"") -> -1.2314917 | AI10: =IF(Q10>0,LOG10(Q10),"") | AJ10: =IFERROR(10^AVERAGEIF($AF$6:$AF$53,AF10,$AG$6:$AG$53),0) -> 0.67200277 | AK10: =IFERROR(10^AVERAGEIF($AF$6:$AF$53,AF10,$AH$6:$AH$53),0) -> 0.044574547 | AL10: =IFERROR(10^AVERAGEIF($AF$6:$AF$53,AF10,$AI$6:$AI$53),0) -> 0 | AM10: =MAX(1,AJ10,AK10,AL10) -> 1 | AN10: =AJ10/AM10 -> 0.67200277 | AO10: =AK10/AM10 -> 0.044574547 | AP10: =AL10/AM10 -> 0 | AQ10: =Keys!$C$6/AM10 -> 1 | AR10: =Keys!$C$7/AM10 -> 0.067938858 | AS10: =Keys!$C$8/AM10 -> 0.00010673201 | AT10: =Keys!$C$9/AM10 -> 0 | AU10: =AN10*EXP($G10*INDEX(Costs_BAU!$C$5:$C$52,MATCH($A10,Costs_BAU!$A$5:$A$52,0)))/(AN10*EXP($G10*INDEX(Costs_BAU!$C$5:$C$52,MATCH($A10,Costs_BAU!$A$5:$A$52,0)))+AO10*EXP($G10*INDEX(Costs_BAU!$G$5:$G$52,MATCH($A10,Costs_BAU!$A$5:$A$52,0)))+AP10*EXP($G10*INDEX(Costs_BAU!$I$5:$I$52,MATCH($A10,Costs_BAU!$A$5:$A$52,0)))+AQ10*EXP($G10*INDEX(Costs_BAU!$E$5:$E$52,MATCH($A10,Costs_BAU!$A$5:$A$52,0)))+AR10*EXP($G10*INDEX(Costs_BAU!$F$5:$F$52,MATCH($A10,Costs_BAU!$A$5:$A$52,0)))+AS10*EXP($G10*INDEX(Costs_BAU!$D$5:$D$52,MATCH($A10,Costs_BAU!$A$5:$A$52,0)))+AT10*EXP($G10*INDEX(Costs_BAU!$H$5:$H$52,MATCH($A10,Costs_BAU!$A$5:$A$52,0)))) -> 0.16014552 | AV10: =AO10*EXP($G10*INDEX(Costs_BAU!$G$5:$G$52,MATCH($A10,Costs_BAU!$A$5:$A$52,0)))/(AN10*EXP($G10*INDEX(Costs_BAU!$C$5:$C$52,MATCH($A10,Costs_BAU!$A$5:$A$52,0)))+AO10*EXP($G10*INDEX(Costs_BAU!$G$5:$G$52,MATCH($A10,Costs_BAU!$A$5:$A$52,0)))+AP10*EXP($G10*INDEX(Costs_BAU!$I$5:$I$52,MATCH($A10,Costs_BAU!$A$5:$A$52,0)))+AQ10*EXP($G10*INDEX(Costs_BAU!$E$5:$E$52,MATCH($A10,Costs_BAU!$A$5:$A$52,0)))+AR10*EXP($G10*INDEX(Costs_BAU!$F$5:$F$52,MATCH($A10,Costs_BAU!$A$5:$A$52,0)))+AS10*EXP($G10*INDEX(Costs_BAU!$D$5:$D$52,MATCH($A10,Costs_BAU!$A$5:$A$52,0)))+AT10*EXP($G10*INDEX(Costs_BAU!$H$5:$H$52,MATCH($A10,Costs_BAU!$A$5:$A$52,0)))) -> 0.032370497 | AW10: =AP10*EXP($G10*INDEX(Costs_BAU!$I$5:$I$52,MATCH($A10,Costs_BAU!$A$5:$A$52,0)))/(AN10*EXP($G10*INDEX(Costs_BAU!$C$5:$C$52,MATCH($A10,Costs_BAU!$A$5:$A$52,0)))+AO10*EXP($G10*INDEX(Costs_BAU!$G$5:$G$52,MATCH($A10,Costs_BAU!$A$5:$A$52,0)))+AP10*EXP($G10*INDEX(Costs_BAU!$I$5:$I$52,MATCH($A10,Costs_BAU!$A$5:$A$52,0)))+AQ10*EXP($G10*INDEX(Costs_BAU!$E$5:$E$52,MATCH($A10,Costs_BAU!$A$5:$A$52,0)))+AR10*EXP($G10*INDEX(Costs_BAU!$F$5:$F$52,MATCH($A10,Costs_BAU!$A$5:$A$52,0)))+AS10*EXP($G10*INDEX(Costs_BAU!$D$5:$D$52,MATCH($A10,Costs_BAU!$A$5:$A$52,0)))+AT10*EXP($G10*INDEX(Costs_BAU!$H$5:$H$52,MATCH($A10,Costs_BAU!$A$5:$A$52,0)))) -> 0 | AX10: =AU10+AV10+AW10 -> 0.19251602 | AY10: =(AX10-$F10)*100 -> -0.59839831
A11: CT | B11: Connecticut | C11: =INDEX(Alliance_2025!$H$5:$H$56,MATCH($A11,Alliance_2025!$A$5:$A$56,0)) -> 0.0754 | D11: =INDEX(Alliance_2025!$G$5:$G$56,MATCH($A11,Alliance_2025!$A$5:$A$56,0)) -> 0.0288 | E11: =INDEX(Alliance_2025!$I$5:$I$56,MATCH($A11,Alliance_2025!$A$5:$A$56,0)) -> 0 | F11: =C11+D11+E11 -> 0.1042 | G11: =Keys!$C$4 -> -8 | I11: =IF(INDEX(Costs_BAU!$E$5:$E$52,MATCH($A11,Costs_BAU!$A$5:$A$52,0))>Keys!$C$5,0,Keys!$C$6*EXP($G11*INDEX(Costs_BAU!$E$5:$E$52,MATCH($A11,Costs_BAU!$A$5:$A$52,0)))) -> 0.031665991 | J11: =IF(INDEX(Costs_BAU!$F$5:$F$52,MATCH($A11,Costs_BAU!$A$5:$A$52,0))>Keys!$C$5,0,Keys!$C$7*EXP($G11*INDEX(Costs_BAU!$F$5:$F$52,MATCH($A11,Costs_BAU!$A$5:$A$52,0)))) -> 0.0012702429 | K11: =IF(INDEX(Costs_BAU!$D$5:$D$52,MATCH($A11,Costs_BAU!$A$5:$A$52,0))>Keys!$C$5,0,Keys!$C$8*EXP($G11*INDEX(Costs_BAU!$D$5:$D$52,MATCH($A11,Costs_BAU!$A$5:$A$52,0)))) -> 2.522436e-06 | L11: =IF(INDEX(Costs_BAU!$H$5:$H$52,MATCH($A11,Costs_BAU!$A$5:$A$52,0))>Keys!$C$5,0,Keys!$C$9*EXP($G11*INDEX(Costs_BAU!$H$5:$H$52,MATCH($A11,Costs_BAU!$A$5:$A$52,0)))) -> 0 | M11: =SUM(I11:L11) -> 0.032938757 | N11: =M11/(1-F11) -> 0.036770213 | O11: =$C11*$N11*EXP(-$G11*INDEX(Costs_BAU!$C$5:$C$52,MATCH($A11,Costs_BAU!$A$5:$A$52,0))) -> 0.29323903 | P11: =$D11*$N11*EXP(-$G11*INDEX(Costs_BAU!$G$5:$G$52,MATCH($A11,Costs_BAU!$A$5:$A$52,0))) -> 0.047661131 | Q11: =$E11*$N11*EXP(-$G11*INDEX(Costs_BAU!$I$5:$I$52,MATCH($A11,Costs_BAU!$A$5:$A$52,0))) -> 0 | R11: =MAX(Keys!$C$15,O11,P11,Q11) -> 1 | S11: =O11/$R11 -> 0.29323903 | T11: =P11/$R11 -> 0.047661131 | U11: =Q11/$R11 -> 0 | V11: =Keys!$C$6/$R11 -> 1 | W11: =Keys!$C$7/$R11 -> 0.067938858 | X11: =Keys!$C$8/$R11 -> 0.00010673201 | Y11: =Keys!$C$9/$R11 -> 0 | Z11: =S11*EXP($G11*INDEX(Costs_BAU!$C$5:$C$52,MATCH($A11,Costs_BAU!$A$5:$A$52,0)))/(S11*EXP($G11*INDEX(Costs_BAU!$C$5:$C$52,MATCH($A11,Costs_BAU!$A$5:$A$52,0)))+T11*EXP($G11*INDEX(Costs_BAU!$G$5:$G$52,MATCH($A11,Costs_BAU!$A$5:$A$52,0)))+U11*EXP($G11*INDEX(Costs_BAU!$I$5:$I$52,MATCH($A11,Costs_BAU!$A$5:$A$52,0)))+V11*EXP($G11*INDEX(Costs_BAU!$E$5:$E$52,MATCH($A11,Costs_BAU!$A$5:$A$52,0)))+W11*EXP($G11*INDEX(Costs_BAU!$F$5:$F$52,MATCH($A11,Costs_BAU!$A$5:$A$52,0)))+X11*EXP($G11*INDEX(Costs_BAU!$D$5:$D$52,MATCH($A11,Costs_BAU!$A$5:$A$52,0)))+Y11*EXP($G11*INDEX(Costs_BAU!$H$5:$H$52,MATCH($A11,Costs_BAU!$A$5:$A$52,0)))) -> 0.0754 | AA11: =T11*EXP($G11*INDEX(Costs_BAU!$G$5:$G$52,MATCH($A11,Costs_BAU!$A$5:$A$52,0)))/(S11*EXP($G11*INDEX(Costs_BAU!$C$5:$C$52,MATCH($A11,Costs_BAU!$A$5:$A$52,0)))+T11*EXP($G11*INDEX(Costs_BAU!$G$5:$G$52,MATCH($A11,Costs_BAU!$A$5:$A$52,0)))+U11*EXP($G11*INDEX(Costs_BAU!$I$5:$I$52,MATCH($A11,Costs_BAU!$A$5:$A$52,0)))+V11*EXP($G11*INDEX(Costs_BAU!$E$5:$E$52,MATCH($A11,Costs_BAU!$A$5:$A$52,0)))+W11*EXP($G11*INDEX(Costs_BAU!$F$5:$F$52,MATCH($A11,Costs_BAU!$A$5:$A$52,0)))+X11*EXP($G11*INDEX(Costs_BAU!$D$5:$D$52,MATCH($A11,Costs_BAU!$A$5:$A$52,0)))+Y11*EXP($G11*INDEX(Costs_BAU!$H$5:$H$52,MATCH($A11,Costs_BAU!$A$5:$A$52,0)))) -> 0.0288 | AB11: =U11*EXP($G11*INDEX(Costs_BAU!$I$5:$I$52,MATCH($A11,Costs_BAU!$A$5:$A$52,0)))/(S11*EXP($G11*INDEX(Costs_BAU!$C$5:$C$52,MATCH($A11,Costs_BAU!$A$5:$A$52,0)))+T11*EXP($G11*INDEX(Costs_BAU!$G$5:$G$52,MATCH($A11,Costs_BAU!$A$5:$A$52,0)))+U11*EXP($G11*INDEX(Costs_BAU!$I$5:$I$52,MATCH($A11,Costs_BAU!$A$5:$A$52,0)))+V11*EXP($G11*INDEX(Costs_BAU!$E$5:$E$52,MATCH($A11,Costs_BAU!$A$5:$A$52,0)))+W11*EXP($G11*INDEX(Costs_BAU!$F$5:$F$52,MATCH($A11,Costs_BAU!$A$5:$A$52,0)))+X11*EXP($G11*INDEX(Costs_BAU!$D$5:$D$52,MATCH($A11,Costs_BAU!$A$5:$A$52,0)))+Y11*EXP($G11*INDEX(Costs_BAU!$H$5:$H$52,MATCH($A11,Costs_BAU!$A$5:$A$52,0)))) -> 0 | AC11: =MAX(ABS(Z11-C11),ABS(AA11-D11),ABS(AB11-E11)) -> 1.3877788e-17 | AD11: =IF(AC11>Keys!$C$14,"SHARE MISMATCH",IF(ABS(MAX(S11:Y11)-Keys!$C$15)>Keys!$C$14,"MAX WEIGHT <> 1",IF(R11>Keys!$C$15,"ok (rescaled)","ok"))) -> ok | AF11: 2 | AG11: =IF(O11>0,LOG10(O11),"") -> -0.53277822 | AH11: =IF(P11>0,LOG10(P11),"") -> -1.3218357 | AI11: =IF(Q11>0,LOG10(Q11),"") | AJ11: =IFERROR(10^AVERAGEIF($AF$6:$AF$53,AF11,$AG$6:$AG$53),0) -> 0.2499031 | AK11: =IFERROR(10^AVERAGEIF($AF$6:$AF$53,AF11,$AH$6:$AH$53),0) -> 0.022961157 | AL11: =IFERROR(10^AVERAGEIF($AF$6:$AF$53,AF11,$AI$6:$AI$53),0) -> 0 | AM11: =MAX(1,AJ11,AK11,AL11) -> 1 | AN11: =AJ11/AM11 -> 0.2499031 | AO11: =AK11/AM11 -> 0.022961157 | AP11: =AL11/AM11 -> 0 | AQ11: =Keys!$C$6/AM11 -> 1 | AR11: =Keys!$C$7/AM11 -> 0.067938858 | AS11: =Keys!$C$8/AM11 -> 0.00010673201 | AT11: =Keys!$C$9/AM11 -> 0 | AU11: =AN11*EXP($G11*INDEX(Costs_BAU!$C$5:$C$52,MATCH($A11,Costs_BAU!$A$5:$A$52,0)))/(AN11*EXP($G11*INDEX(Costs_BAU!$C$5:$C$52,MATCH($A11,Costs_BAU!$A$5:$A$52,0)))+AO11*EXP($G11*INDEX(Costs_BAU!$G$5:$G$52,MATCH($A11,Costs_BAU!$A$5:$A$52,0)))+AP11*EXP($G11*INDEX(Costs_BAU!$I$5:$I$52,MATCH($A11,Costs_BAU!$A$5:$A$52,0)))+AQ11*EXP($G11*INDEX(Costs_BAU!$E$5:$E$52,MATCH($A11,Costs_BAU!$A$5:$A$52,0)))+AR11*EXP($G11*INDEX(Costs_BAU!$F$5:$F$52,MATCH($A11,Costs_BAU!$A$5:$A$52,0)))+AS11*EXP($G11*INDEX(Costs_BAU!$D$5:$D$52,MATCH($A11,Costs_BAU!$A$5:$A$52,0)))+AT11*EXP($G11*INDEX(Costs_BAU!$H$5:$H$52,MATCH($A11,Costs_BAU!$A$5:$A$52,0)))) -> 0.065977018 | AV11: =AO11*EXP($G11*INDEX(Costs_BAU!$G$5:$G$52,MATCH($A11,Costs_BAU!$A$5:$A$52,0)))/(AN11*EXP($G11*INDEX(Costs_BAU!$C$5:$C$52,MATCH($A11,Costs_BAU!$A$5:$A$52,0)))+AO11*EXP($G11*INDEX(Costs_BAU!$G$5:$G$52,MATCH($A11,Costs_BAU!$A$5:$A$52,0)))+AP11*EXP($G11*INDEX(Costs_BAU!$I$5:$I$52,MATCH($A11,Costs_BAU!$A$5:$A$52,0)))+AQ11*EXP($G11*INDEX(Costs_BAU!$E$5:$E$52,MATCH($A11,Costs_BAU!$A$5:$A$52,0)))+AR11*EXP($G11*INDEX(Costs_BAU!$F$5:$F$52,MATCH($A11,Costs_BAU!$A$5:$A$52,0)))+AS11*EXP($G11*INDEX(Costs_BAU!$D$5:$D$52,MATCH($A11,Costs_BAU!$A$5:$A$52,0)))+AT11*EXP($G11*INDEX(Costs_BAU!$H$5:$H$52,MATCH($A11,Costs_BAU!$A$5:$A$52,0)))) -> 0.014246014 | AW11: =AP11*EXP($G11*INDEX(Costs_BAU!$I$5:$I$52,MATCH($A11,Costs_BAU!$A$5:$A$52,0)))/(AN11*EXP($G11*INDEX(Costs_BAU!$C$5:$C$52,MATCH($A11,Costs_BAU!$A$5:$A$52,0)))+AO11*EXP($G11*INDEX(Costs_BAU!$G$5:$G$52,MATCH($A11,Costs_BAU!$A$5:$A$52,0)))+AP11*EXP($G11*INDEX(Costs_BAU!$I$5:$I$52,MATCH($A11,Costs_BAU!$A$5:$A$52,0)))+AQ11*EXP($G11*INDEX(Costs_BAU!$E$5:$E$52,MATCH($A11,Costs_BAU!$A$5:$A$52,0)))+AR11*EXP($G11*INDEX(Costs_BAU!$F$5:$F$52,MATCH($A11,Costs_BAU!$A$5:$A$52,0)))+AS11*EXP($G11*INDEX(Costs_BAU!$D$5:$D$52,MATCH($A11,Costs_BAU!$A$5:$A$52,0)))+AT11*EXP($G11*INDEX(Costs_BAU!$H$5:$H$52,MATCH($A11,Costs_BAU!$A$5:$A$52,0)))) -> 0 | AX11: =AU11+AV11+AW11 -> 0.080223032 | AY11: =(AX11-$F11)*100 -> -2.3976968
A12: DE | B12: Delaware | C12: =INDEX(Alliance_2025!$H$5:$H$56,MATCH($A12,Alliance_2025!$A$5:$A$56,0)) -> 0.0723 | D12: =INDEX(Alliance_2025!$G$5:$G$56,MATCH($A12,Alliance_2025!$A$5:$A$56,0)) -> 0.0202 | E12: =INDEX(Alliance_2025!$I$5:$I$56,MATCH($A12,Alliance_2025!$A$5:$A$56,0)) -> 0 | F12: =C12+D12+E12 -> 0.0925 | G12: =Keys!$C$4 -> -8 | I12: =IF(INDEX(Costs_BAU!$E$5:$E$52,MATCH($A12,Costs_BAU!$A$5:$A$52,0))>Keys!$C$5,0,Keys!$C$6*EXP($G12*INDEX(Costs_BAU!$E$5:$E$52,MATCH($A12,Costs_BAU!$A$5:$A$52,0)))) -> 0.027939551 | J12: =IF(INDEX(Costs_BAU!$F$5:$F$52,MATCH($A12,Costs_BAU!$A$5:$A$52,0))>Keys!$C$5,0,Keys!$C$7*EXP($G12*INDEX(Costs_BAU!$F$5:$F$52,MATCH($A12,Costs_BAU!$A$5:$A$52,0)))) -> 0.0011166802 | K12: =IF(INDEX(Costs_BAU!$D$5:$D$52,MATCH($A12,Costs_BAU!$A$5:$A$52,0))>Keys!$C$5,0,Keys!$C$8*EXP($G12*INDEX(Costs_BAU!$D$5:$D$52,MATCH($A12,Costs_BAU!$A$5:$A$52,0)))) -> 2.1773077e-06 | L12: =IF(INDEX(Costs_BAU!$H$5:$H$52,MATCH($A12,Costs_BAU!$A$5:$A$52,0))>Keys!$C$5,0,Keys!$C$9*EXP($G12*INDEX(Costs_BAU!$H$5:$H$52,MATCH($A12,Costs_BAU!$A$5:$A$52,0)))) -> 0 | M12: =SUM(I12:L12) -> 0.029058408 | N12: =M12/(1-F12) -> 0.032020285 | O12: =$C12*$N12*EXP(-$G12*INDEX(Costs_BAU!$C$5:$C$52,MATCH($A12,Costs_BAU!$A$5:$A$52,0))) -> 0.24704993 | P12: =$D12*$N12*EXP(-$G12*INDEX(Costs_BAU!$G$5:$G$52,MATCH($A12,Costs_BAU!$A$5:$A$52,0))) -> 0.0281083 | Q12: =$E12*$N12*EXP(-$G12*INDEX(Costs_BAU!$I$5:$I$52,MATCH($A12,Costs_BAU!$A$5:$A$52,0))) -> 0 | R12: =MAX(Keys!$C$15,O12,P12,Q12) -> 1 | S12: =O12/$R12 -> 0.24704993 | T12: =P12/$R12 -> 0.0281083 | U12: =Q12/$R12 -> 0 | V12: =Keys!$C$6/$R12 -> 1 | W12: =Keys!$C$7/$R12 -> 0.067938858 | X12: =Keys!$C$8/$R12 -> 0.00010673201 | Y12: =Keys!$C$9/$R12 -> 0 | Z12: =S12*EXP($G12*INDEX(Costs_BAU!$C$5:$C$52,MATCH($A12,Costs_BAU!$A$5:$A$52,0)))/(S12*EXP($G12*INDEX(Costs_BAU!$C$5:$C$52,MATCH($A12,Costs_BAU!$A$5:$A$52,0)))+T12*EXP($G12*INDEX(Costs_BAU!$G$5:$G$52,MATCH($A12,Costs_BAU!$A$5:$A$52,0)))+U12*EXP($G12*INDEX(Costs_BAU!$I$5:$I$52,MATCH($A12,Costs_BAU!$A$5:$A$52,0)))+V12*EXP($G12*INDEX(Costs_BAU!$E$5:$E$52,MATCH($A12,Costs_BAU!$A$5:$A$52,0)))+W12*EXP($G12*INDEX(Costs_BAU!$F$5:$F$52,MATCH($A12,Costs_BAU!$A$5:$A$52,0)))+X12*EXP($G12*INDEX(Costs_BAU!$D$5:$D$52,MATCH($A12,Costs_BAU!$A$5:$A$52,0)))+Y12*EXP($G12*INDEX(Costs_BAU!$H$5:$H$52,MATCH($A12,Costs_BAU!$A$5:$A$52,0)))) -> 0.0723 | AA12: =T12*EXP($G12*INDEX(Costs_BAU!$G$5:$G$52,MATCH($A12,Costs_BAU!$A$5:$A$52,0)))/(S12*EXP($G12*INDEX(Costs_BAU!$C$5:$C$52,MATCH($A12,Costs_BAU!$A$5:$A$52,0)))+T12*EXP($G12*INDEX(Costs_BAU!$G$5:$G$52,MATCH($A12,Costs_BAU!$A$5:$A$52,0)))+U12*EXP($G12*INDEX(Costs_BAU!$I$5:$I$52,MATCH($A12,Costs_BAU!$A$5:$A$52,0)))+V12*EXP($G12*INDEX(Costs_BAU!$E$5:$E$52,MATCH($A12,Costs_BAU!$A$5:$A$52,0)))+W12*EXP($G12*INDEX(Costs_BAU!$F$5:$F$52,MATCH($A12,Costs_BAU!$A$5:$A$52,0)))+X12*EXP($G12*INDEX(Costs_BAU!$D$5:$D$52,MATCH($A12,Costs_BAU!$A$5:$A$52,0)))+Y12*EXP($G12*INDEX(Costs_BAU!$H$5:$H$52,MATCH($A12,Costs_BAU!$A$5:$A$52,0)))) -> 0.0202 | AB12: =U12*EXP($G12*INDEX(Costs_BAU!$I$5:$I$52,MATCH($A12,Costs_BAU!$A$5:$A$52,0)))/(S12*EXP($G12*INDEX(Costs_BAU!$C$5:$C$52,MATCH($A12,Costs_BAU!$A$5:$A$52,0)))+T12*EXP($G12*INDEX(Costs_BAU!$G$5:$G$52,MATCH($A12,Costs_BAU!$A$5:$A$52,0)))+U12*EXP($G12*INDEX(Costs_BAU!$I$5:$I$52,MATCH($A12,Costs_BAU!$A$5:$A$52,0)))+V12*EXP($G12*INDEX(Costs_BAU!$E$5:$E$52,MATCH($A12,Costs_BAU!$A$5:$A$52,0)))+W12*EXP($G12*INDEX(Costs_BAU!$F$5:$F$52,MATCH($A12,Costs_BAU!$A$5:$A$52,0)))+X12*EXP($G12*INDEX(Costs_BAU!$D$5:$D$52,MATCH($A12,Costs_BAU!$A$5:$A$52,0)))+Y12*EXP($G12*INDEX(Costs_BAU!$H$5:$H$52,MATCH($A12,Costs_BAU!$A$5:$A$52,0)))) -> 0 | AC12: =MAX(ABS(Z12-C12),ABS(AA12-D12),ABS(AB12-E12)) -> 3.469447e-18 | AD12: =IF(AC12>Keys!$C$14,"SHARE MISMATCH",IF(ABS(MAX(S12:Y12)-Keys!$C$15)>Keys!$C$14,"MAX WEIGHT <> 1",IF(R12>Keys!$C$15,"ok (rescaled)","ok"))) -> ok | AF12: 2 | AG12: =IF(O12>0,LOG10(O12),"") -> -0.60721527 | AH12: =IF(P12>0,LOG10(P12),"") -> -1.5511654 | AI12: =IF(Q12>0,LOG10(Q12),"") | AJ12: =IFERROR(10^AVERAGEIF($AF$6:$AF$53,AF12,$AG$6:$AG$53),0) -> 0.2499031 | AK12: =IFERROR(10^AVERAGEIF($AF$6:$AF$53,AF12,$AH$6:$AH$53),0) -> 0.022961157 | AL12: =IFERROR(10^AVERAGEIF($AF$6:$AF$53,AF12,$AI$6:$AI$53),0) -> 0 | AM12: =MAX(1,AJ12,AK12,AL12) -> 1 | AN12: =AJ12/AM12 -> 0.2499031 | AO12: =AK12/AM12 -> 0.022961157 | AP12: =AL12/AM12 -> 0 | AQ12: =Keys!$C$6/AM12 -> 1 | AR12: =Keys!$C$7/AM12 -> 0.067938858 | AS12: =Keys!$C$8/AM12 -> 0.00010673201 | AT12: =Keys!$C$9/AM12 -> 0 | AU12: =AN12*EXP($G12*INDEX(Costs_BAU!$C$5:$C$52,MATCH($A12,Costs_BAU!$A$5:$A$52,0)))/(AN12*EXP($G12*INDEX(Costs_BAU!$C$5:$C$52,MATCH($A12,Costs_BAU!$A$5:$A$52,0)))+AO12*EXP($G12*INDEX(Costs_BAU!$G$5:$G$52,MATCH($A12,Costs_BAU!$A$5:$A$52,0)))+AP12*EXP($G12*INDEX(Costs_BAU!$I$5:$I$52,MATCH($A12,Costs_BAU!$A$5:$A$52,0)))+AQ12*EXP($G12*INDEX(Costs_BAU!$E$5:$E$52,MATCH($A12,Costs_BAU!$A$5:$A$52,0)))+AR12*EXP($G12*INDEX(Costs_BAU!$F$5:$F$52,MATCH($A12,Costs_BAU!$A$5:$A$52,0)))+AS12*EXP($G12*INDEX(Costs_BAU!$D$5:$D$52,MATCH($A12,Costs_BAU!$A$5:$A$52,0)))+AT12*EXP($G12*INDEX(Costs_BAU!$H$5:$H$52,MATCH($A12,Costs_BAU!$A$5:$A$52,0)))) -> 0.07334505 | AV12: =AO12*EXP($G12*INDEX(Costs_BAU!$G$5:$G$52,MATCH($A12,Costs_BAU!$A$5:$A$52,0)))/(AN12*EXP($G12*INDEX(Costs_BAU!$C$5:$C$52,MATCH($A12,Costs_BAU!$A$5:$A$52,0)))+AO12*EXP($G12*INDEX(Costs_BAU!$G$5:$G$52,MATCH($A12,Costs_BAU!$A$5:$A$52,0)))+AP12*EXP($G12*INDEX(Costs_BAU!$I$5:$I$52,MATCH($A12,Costs_BAU!$A$5:$A$52,0)))+AQ12*EXP($G12*INDEX(Costs_BAU!$E$5:$E$52,MATCH($A12,Costs_BAU!$A$5:$A$52,0)))+AR12*EXP($G12*INDEX(Costs_BAU!$F$5:$F$52,MATCH($A12,Costs_BAU!$A$5:$A$52,0)))+AS12*EXP($G12*INDEX(Costs_BAU!$D$5:$D$52,MATCH($A12,Costs_BAU!$A$5:$A$52,0)))+AT12*EXP($G12*INDEX(Costs_BAU!$H$5:$H$52,MATCH($A12,Costs_BAU!$A$5:$A$52,0)))) -> 0.016548405 | AW12: =AP12*EXP($G12*INDEX(Costs_BAU!$I$5:$I$52,MATCH($A12,Costs_BAU!$A$5:$A$52,0)))/(AN12*EXP($G12*INDEX(Costs_BAU!$C$5:$C$52,MATCH($A12,Costs_BAU!$A$5:$A$52,0)))+AO12*EXP($G12*INDEX(Costs_BAU!$G$5:$G$52,MATCH($A12,Costs_BAU!$A$5:$A$52,0)))+AP12*EXP($G12*INDEX(Costs_BAU!$I$5:$I$52,MATCH($A12,Costs_BAU!$A$5:$A$52,0)))+AQ12*EXP($G12*INDEX(Costs_BAU!$E$5:$E$52,MATCH($A12,Costs_BAU!$A$5:$A$52,0)))+AR12*EXP($G12*INDEX(Costs_BAU!$F$5:$F$52,MATCH($A12,Costs_BAU!$A$5:$A$52,0)))+AS12*EXP($G12*INDEX(Costs_BAU!$D$5:$D$52,MATCH($A12,Costs_BAU!$A$5:$A$52,0)))+AT12*EXP($G12*INDEX(Costs_BAU!$H$5:$H$52,MATCH($A12,Costs_BAU!$A$5:$A$52,0)))) -> 0 | AX12: =AU12+AV12+AW12 -> 0.089893456 | AY12: =(AX12-$F12)*100 -> -0.26065444
A13: FL | B13: Florida | C13: =INDEX(Alliance_2025!$H$5:$H$56,MATCH($A13,Alliance_2025!$A$5:$A$56,0)) -> 0.0858 | D13: =INDEX(Alliance_2025!$G$5:$G$56,MATCH($A13,Alliance_2025!$A$5:$A$56,0)) -> 0.0135 | E13: =INDEX(Alliance_2025!$I$5:$I$56,MATCH($A13,Alliance_2025!$A$5:$A$56,0)) -> 0 | F13: =C13+D13+E13 -> 0.0993 | G13: =Keys!$C$4 -> -8 | I13: =IF(INDEX(Costs_BAU!$E$5:$E$52,MATCH($A13,Costs_BAU!$A$5:$A$52,0))>Keys!$C$5,0,Keys!$C$6*EXP($G13*INDEX(Costs_BAU!$E$5:$E$52,MATCH($A13,Costs_BAU!$A$5:$A$52,0)))) -> 0.020558845 | J13: =IF(INDEX(Costs_BAU!$F$5:$F$52,MATCH($A13,Costs_BAU!$A$5:$A$52,0))>Keys!$C$5,0,Keys!$C$7*EXP($G13*INDEX(Costs_BAU!$F$5:$F$52,MATCH($A13,Costs_BAU!$A$5:$A$52,0)))) -> 0.00078921868 | K13: =IF(INDEX(Costs_BAU!$D$5:$D$52,MATCH($A13,Costs_BAU!$A$5:$A$52,0))>Keys!$C$5,0,Keys!$C$8*EXP($G13*INDEX(Costs_BAU!$D$5:$D$52,MATCH($A13,Costs_BAU!$A$5:$A$52,0)))) -> 1.6141251e-06 | L13: =IF(INDEX(Costs_BAU!$H$5:$H$52,MATCH($A13,Costs_BAU!$A$5:$A$52,0))>Keys!$C$5,0,Keys!$C$9*EXP($G13*INDEX(Costs_BAU!$H$5:$H$52,MATCH($A13,Costs_BAU!$A$5:$A$52,0)))) -> 0 | M13: =SUM(I13:L13) -> 0.021349678 | N13: =M13/(1-F13) -> 0.023703429 | O13: =$C13*$N13*EXP(-$G13*INDEX(Costs_BAU!$C$5:$C$52,MATCH($A13,Costs_BAU!$A$5:$A$52,0))) -> 0.34783055 | P13: =$D13*$N13*EXP(-$G13*INDEX(Costs_BAU!$G$5:$G$52,MATCH($A13,Costs_BAU!$A$5:$A$52,0))) -> 0.01871464 | Q13: =$E13*$N13*EXP(-$G13*INDEX(Costs_BAU!$I$5:$I$52,MATCH($A13,Costs_BAU!$A$5:$A$52,0))) -> 0 | R13: =MAX(Keys!$C$15,O13,P13,Q13) -> 1 | S13: =O13/$R13 -> 0.34783055 | T13: =P13/$R13 -> 0.01871464 | U13: =Q13/$R13 -> 0 | V13: =Keys!$C$6/$R13 -> 1 | W13: =Keys!$C$7/$R13 -> 0.067938858 | X13: =Keys!$C$8/$R13 -> 0.00010673201 | Y13: =Keys!$C$9/$R13 -> 0 | Z13: =S13*EXP($G13*INDEX(Costs_BAU!$C$5:$C$52,MATCH($A13,Costs_BAU!$A$5:$A$52,0)))/(S13*EXP($G13*INDEX(Costs_BAU!$C$5:$C$52,MATCH($A13,Costs_BAU!$A$5:$A$52,0)))+T13*EXP($G13*INDEX(Costs_BAU!$G$5:$G$52,MATCH($A13,Costs_BAU!$A$5:$A$52,0)))+U13*EXP($G13*INDEX(Costs_BAU!$I$5:$I$52,MATCH($A13,Costs_BAU!$A$5:$A$52,0)))+V13*EXP($G13*INDEX(Costs_BAU!$E$5:$E$52,MATCH($A13,Costs_BAU!$A$5:$A$52,0)))+W13*EXP($G13*INDEX(Costs_BAU!$F$5:$F$52,MATCH($A13,Costs_BAU!$A$5:$A$52,0)))+X13*EXP($G13*INDEX(Costs_BAU!$D$5:$D$52,MATCH($A13,Costs_BAU!$A$5:$A$52,0)))+Y13*EXP($G13*INDEX(Costs_BAU!$H$5:$H$52,MATCH($A13,Costs_BAU!$A$5:$A$52,0)))) -> 0.0858 | AA13: =T13*EXP($G13*INDEX(Costs_BAU!$G$5:$G$52,MATCH($A13,Costs_BAU!$A$5:$A$52,0)))/(S13*EXP($G13*INDEX(Costs_BAU!$C$5:$C$52,MATCH($A13,Costs_BAU!$A$5:$A$52,0)))+T13*EXP($G13*INDEX(Costs_BAU!$G$5:$G$52,MATCH($A13,Costs_BAU!$A$5:$A$52,0)))+U13*EXP($G13*INDEX(Costs_BAU!$I$5:$I$52,MATCH($A13,Costs_BAU!$A$5:$A$52,0)))+V13*EXP($G13*INDEX(Costs_BAU!$E$5:$E$52,MATCH($A13,Costs_BAU!$A$5:$A$52,0)))+W13*EXP($G13*INDEX(Costs_BAU!$F$5:$F$52,MATCH($A13,Costs_BAU!$A$5:$A$52,0)))+X13*EXP($G13*INDEX(Costs_BAU!$D$5:$D$52,MATCH($A13,Costs_BAU!$A$5:$A$52,0)))+Y13*EXP($G13*INDEX(Costs_BAU!$H$5:$H$52,MATCH($A13,Costs_BAU!$A$5:$A$52,0)))) -> 0.0135 | AB13: =U13*EXP($G13*INDEX(Costs_BAU!$I$5:$I$52,MATCH($A13,Costs_BAU!$A$5:$A$52,0)))/(S13*EXP($G13*INDEX(Costs_BAU!$C$5:$C$52,MATCH($A13,Costs_BAU!$A$5:$A$52,0)))+T13*EXP($G13*INDEX(Costs_BAU!$G$5:$G$52,MATCH($A13,Costs_BAU!$A$5:$A$52,0)))+U13*EXP($G13*INDEX(Costs_BAU!$I$5:$I$52,MATCH($A13,Costs_BAU!$A$5:$A$52,0)))+V13*EXP($G13*INDEX(Costs_BAU!$E$5:$E$52,MATCH($A13,Costs_BAU!$A$5:$A$52,0)))+W13*EXP($G13*INDEX(Costs_BAU!$F$5:$F$52,MATCH($A13,Costs_BAU!$A$5:$A$52,0)))+X13*EXP($G13*INDEX(Costs_BAU!$D$5:$D$52,MATCH($A13,Costs_BAU!$A$5:$A$52,0)))+Y13*EXP($G13*INDEX(Costs_BAU!$H$5:$H$52,MATCH($A13,Costs_BAU!$A$5:$A$52,0)))) -> 0 | AC13: =MAX(ABS(Z13-C13),ABS(AA13-D13),ABS(AB13-E13)) -> 0 | AD13: =IF(AC13>Keys!$C$14,"SHARE MISMATCH",IF(ABS(MAX(S13:Y13)-Keys!$C$15)>Keys!$C$14,"MAX WEIGHT <> 1",IF(R13>Keys!$C$15,"ok (rescaled)","ok"))) -> ok | AF13: 2 | AG13: =IF(O13>0,LOG10(O13),"") -> -0.45863228 | AH13: =IF(P13>0,LOG10(P13),"") -> -1.7278185 | AI13: =IF(Q13>0,LOG10(Q13),"") | AJ13: =IFERROR(10^AVERAGEIF($AF$6:$AF$53,AF13,$AG$6:$AG$53),0) -> 0.2499031 | AK13: =IFERROR(10^AVERAGEIF($AF$6:$AF$53,AF13,$AH$6:$AH$53),0) -> 0.022961157 | AL13: =IFERROR(10^AVERAGEIF($AF$6:$AF$53,AF13,$AI$6:$AI$53),0) -> 0 | AM13: =MAX(1,AJ13,AK13,AL13) -> 1 | AN13: =AJ13/AM13 -> 0.2499031 | AO13: =AK13/AM13 -> 0.022961157 | AP13: =AL13/AM13 -> 0 | AQ13: =Keys!$C$6/AM13 -> 1 | AR13: =Keys!$C$7/AM13 -> 0.067938858 | AS13: =Keys!$C$8/AM13 -> 0.00010673201 | AT13: =Keys!$C$9/AM13 -> 0 | AU13: =AN13*EXP($G13*INDEX(Costs_BAU!$C$5:$C$52,MATCH($A13,Costs_BAU!$A$5:$A$52,0)))/(AN13*EXP($G13*INDEX(Costs_BAU!$C$5:$C$52,MATCH($A13,Costs_BAU!$A$5:$A$52,0)))+AO13*EXP($G13*INDEX(Costs_BAU!$G$5:$G$52,MATCH($A13,Costs_BAU!$A$5:$A$52,0)))+AP13*EXP($G13*INDEX(Costs_BAU!$I$5:$I$52,MATCH($A13,Costs_BAU!$A$5:$A$52,0)))+AQ13*EXP($G13*INDEX(Costs_BAU!$E$5:$E$52,MATCH($A13,Costs_BAU!$A$5:$A$52,0)))+AR13*EXP($G13*INDEX(Costs_BAU!$F$5:$F$52,MATCH($A13,Costs_BAU!$A$5:$A$52,0)))+AS13*EXP($G13*INDEX(Costs_BAU!$D$5:$D$52,MATCH($A13,Costs_BAU!$A$5:$A$52,0)))+AT13*EXP($G13*INDEX(Costs_BAU!$H$5:$H$52,MATCH($A13,Costs_BAU!$A$5:$A$52,0)))) -> 0.06297231 | AV13: =AO13*EXP($G13*INDEX(Costs_BAU!$G$5:$G$52,MATCH($A13,Costs_BAU!$A$5:$A$52,0)))/(AN13*EXP($G13*INDEX(Costs_BAU!$C$5:$C$52,MATCH($A13,Costs_BAU!$A$5:$A$52,0)))+AO13*EXP($G13*INDEX(Costs_BAU!$G$5:$G$52,MATCH($A13,Costs_BAU!$A$5:$A$52,0)))+AP13*EXP($G13*INDEX(Costs_BAU!$I$5:$I$52,MATCH($A13,Costs_BAU!$A$5:$A$52,0)))+AQ13*EXP($G13*INDEX(Costs_BAU!$E$5:$E$52,MATCH($A13,Costs_BAU!$A$5:$A$52,0)))+AR13*EXP($G13*INDEX(Costs_BAU!$F$5:$F$52,MATCH($A13,Costs_BAU!$A$5:$A$52,0)))+AS13*EXP($G13*INDEX(Costs_BAU!$D$5:$D$52,MATCH($A13,Costs_BAU!$A$5:$A$52,0)))+AT13*EXP($G13*INDEX(Costs_BAU!$H$5:$H$52,MATCH($A13,Costs_BAU!$A$5:$A$52,0)))) -> 0.01692016 | AW13: =AP13*EXP($G13*INDEX(Costs_BAU!$I$5:$I$52,MATCH($A13,Costs_BAU!$A$5:$A$52,0)))/(AN13*EXP($G13*INDEX(Costs_BAU!$C$5:$C$52,MATCH($A13,Costs_BAU!$A$5:$A$52,0)))+AO13*EXP($G13*INDEX(Costs_BAU!$G$5:$G$52,MATCH($A13,Costs_BAU!$A$5:$A$52,0)))+AP13*EXP($G13*INDEX(Costs_BAU!$I$5:$I$52,MATCH($A13,Costs_BAU!$A$5:$A$52,0)))+AQ13*EXP($G13*INDEX(Costs_BAU!$E$5:$E$52,MATCH($A13,Costs_BAU!$A$5:$A$52,0)))+AR13*EXP($G13*INDEX(Costs_BAU!$F$5:$F$52,MATCH($A13,Costs_BAU!$A$5:$A$52,0)))+AS13*EXP($G13*INDEX(Costs_BAU!$D$5:$D$52,MATCH($A13,Costs_BAU!$A$5:$A$52,0)))+AT13*EXP($G13*INDEX(Costs_BAU!$H$5:$H$52,MATCH($A13,Costs_BAU!$A$5:$A$52,0)))) -> 0 | AX13: =AU13+AV13+AW13 -> 0.079892471 | AY13: =(AX13-$F13)*100 -> -1.9407529
A14: GA | B14: Georgia | C14: =INDEX(Alliance_2025!$H$5:$H$56,MATCH($A14,Alliance_2025!$A$5:$A$56,0)) -> 0.0763 | D14: =INDEX(Alliance_2025!$G$5:$G$56,MATCH($A14,Alliance_2025!$A$5:$A$56,0)) -> 0.0107 | E14: =INDEX(Alliance_2025!$I$5:$I$56,MATCH($A14,Alliance_2025!$A$5:$A$56,0)) -> 0 | F14: =C14+D14+E14 -> 0.087 | G14: =Keys!$C$4 -> -8 | I14: =IF(INDEX(Costs_BAU!$E$5:$E$52,MATCH($A14,Costs_BAU!$A$5:$A$52,0))>Keys!$C$5,0,Keys!$C$6*EXP($G14*INDEX(Costs_BAU!$E$5:$E$52,MATCH($A14,Costs_BAU!$A$5:$A$52,0)))) -> 0.02859464 | J14: =IF(INDEX(Costs_BAU!$F$5:$F$52,MATCH($A14,Costs_BAU!$A$5:$A$52,0))>Keys!$C$5,0,Keys!$C$7*EXP($G14*INDEX(Costs_BAU!$F$5:$F$52,MATCH($A14,Costs_BAU!$A$5:$A$52,0)))) -> 0.0011534347 | K14: =IF(INDEX(Costs_BAU!$D$5:$D$52,MATCH($A14,Costs_BAU!$A$5:$A$52,0))>Keys!$C$5,0,Keys!$C$8*EXP($G14*INDEX(Costs_BAU!$D$5:$D$52,MATCH($A14,Costs_BAU!$A$5:$A$52,0)))) -> 2.3320439e-06 | L14: =IF(INDEX(Costs_BAU!$H$5:$H$52,MATCH($A14,Costs_BAU!$A$5:$A$52,0))>Keys!$C$5,0,Keys!$C$9*EXP($G14*INDEX(Costs_BAU!$H$5:$H$52,MATCH($A14,Costs_BAU!$A$5:$A$52,0)))) -> 0 | M14: =SUM(I14:L14) -> 0.029750406 | N14: =M14/(1-F14) -> 0.03258533 | O14: =$C14*$N14*EXP(-$G14*INDEX(Costs_BAU!$C$5:$C$52,MATCH($A14,Costs_BAU!$A$5:$A$52,0))) -> 0.27990992 | P14: =$D14*$N14*EXP(-$G14*INDEX(Costs_BAU!$G$5:$G$52,MATCH($A14,Costs_BAU!$A$5:$A$52,0))) -> 0.014470942 | Q14: =$E14*$N14*EXP(-$G14*INDEX(Costs_BAU!$I$5:$I$52,MATCH($A14,Costs_BAU!$A$5:$A$52,0))) -> 0 | R14: =MAX(Keys!$C$15,O14,P14,Q14) -> 1 | S14: =O14/$R14 -> 0.27990992 | T14: =P14/$R14 -> 0.014470942 | U14: =Q14/$R14 -> 0 | V14: =Keys!$C$6/$R14 -> 1 | W14: =Keys!$C$7/$R14 -> 0.067938858 | X14: =Keys!$C$8/$R14 -> 0.00010673201 | Y14: =Keys!$C$9/$R14 -> 0 | Z14: =S14*EXP($G14*INDEX(Costs_BAU!$C$5:$C$52,MATCH($A14,Costs_BAU!$A$5:$A$52,0)))/(S14*EXP($G14*INDEX(Costs_BAU!$C$5:$C$52,MATCH($A14,Costs_BAU!$A$5:$A$52,0)))+T14*EXP($G14*INDEX(Costs_BAU!$G$5:$G$52,MATCH($A14,Costs_BAU!$A$5:$A$52,0)))+U14*EXP($G14*INDEX(Costs_BAU!$I$5:$I$52,MATCH($A14,Costs_BAU!$A$5:$A$52,0)))+V14*EXP($G14*INDEX(Costs_BAU!$E$5:$E$52,MATCH($A14,Costs_BAU!$A$5:$A$52,0)))+W14*EXP($G14*INDEX(Costs_BAU!$F$5:$F$52,MATCH($A14,Costs_BAU!$A$5:$A$52,0)))+X14*EXP($G14*INDEX(Costs_BAU!$D$5:$D$52,MATCH($A14,Costs_BAU!$A$5:$A$52,0)))+Y14*EXP($G14*INDEX(Costs_BAU!$H$5:$H$52,MATCH($A14,Costs_BAU!$A$5:$A$52,0)))) -> 0.0763 | AA14: =T14*EXP($G14*INDEX(Costs_BAU!$G$5:$G$52,MATCH($A14,Costs_BAU!$A$5:$A$52,0)))/(S14*EXP($G14*INDEX(Costs_BAU!$C$5:$C$52,MATCH($A14,Costs_BAU!$A$5:$A$52,0)))+T14*EXP($G14*INDEX(Costs_BAU!$G$5:$G$52,MATCH($A14,Costs_BAU!$A$5:$A$52,0)))+U14*EXP($G14*INDEX(Costs_BAU!$I$5:$I$52,MATCH($A14,Costs_BAU!$A$5:$A$52,0)))+V14*EXP($G14*INDEX(Costs_BAU!$E$5:$E$52,MATCH($A14,Costs_BAU!$A$5:$A$52,0)))+W14*EXP($G14*INDEX(Costs_BAU!$F$5:$F$52,MATCH($A14,Costs_BAU!$A$5:$A$52,0)))+X14*EXP($G14*INDEX(Costs_BAU!$D$5:$D$52,MATCH($A14,Costs_BAU!$A$5:$A$52,0)))+Y14*EXP($G14*INDEX(Costs_BAU!$H$5:$H$52,MATCH($A14,Costs_BAU!$A$5:$A$52,0)))) -> 0.0107 | AB14: =U14*EXP($G14*INDEX(Costs_BAU!$I$5:$I$52,MATCH($A14,Costs_BAU!$A$5:$A$52,0)))/(S14*EXP($G14*INDEX(Costs_BAU!$C$5:$C$52,MATCH($A14,Costs_BAU!$A$5:$A$52,0)))+T14*EXP($G14*INDEX(Costs_BAU!$G$5:$G$52,MATCH($A14,Costs_BAU!$A$5:$A$52,0)))+U14*EXP($G14*INDEX(Costs_BAU!$I$5:$I$52,MATCH($A14,Costs_BAU!$A$5:$A$52,0)))+V14*EXP($G14*INDEX(Costs_BAU!$E$5:$E$52,MATCH($A14,Costs_BAU!$A$5:$A$52,0)))+W14*EXP($G14*INDEX(Costs_BAU!$F$5:$F$52,MATCH($A14,Costs_BAU!$A$5:$A$52,0)))+X14*EXP($G14*INDEX(Costs_BAU!$D$5:$D$52,MATCH($A14,Costs_BAU!$A$5:$A$52,0)))+Y14*EXP($G14*INDEX(Costs_BAU!$H$5:$H$52,MATCH($A14,Costs_BAU!$A$5:$A$52,0)))) -> 0 | AC14: =MAX(ABS(Z14-C14),ABS(AA14-D14),ABS(AB14-E14)) -> 1.7347235e-18 | AD14: =IF(AC14>Keys!$C$14,"SHARE MISMATCH",IF(ABS(MAX(S14:Y14)-Keys!$C$15)>Keys!$C$14,"MAX WEIGHT <> 1",IF(R14>Keys!$C$15,"ok (rescaled)","ok"))) -> ok | AF14: 2 | AG14: =IF(O14>0,LOG10(O14),"") -> -0.5529817 | AH14: =IF(P14>0,LOG10(P14),"") -> -1.8395032 | AI14: =IF(Q14>0,LOG10(Q14),"") | AJ14: =IFERROR(10^AVERAGEIF($AF$6:$AF$53,AF14,$AG$6:$AG$53),0) -> 0.2499031 | AK14: =IFERROR(10^AVERAGEIF($AF$6:$AF$53,AF14,$AH$6:$AH$53),0) -> 0.022961157 | AL14: =IFERROR(10^AVERAGEIF($AF$6:$AF$53,AF14,$AI$6:$AI$53),0) -> 0 | AM14: =MAX(1,AJ14,AK14,AL14) -> 1 | AN14: =AJ14/AM14 -> 0.2499031 | AO14: =AK14/AM14 -> 0.022961157 | AP14: =AL14/AM14 -> 0 | AQ14: =Keys!$C$6/AM14 -> 1 | AR14: =Keys!$C$7/AM14 -> 0.067938858 | AS14: =Keys!$C$8/AM14 -> 0.00010673201 | AT14: =Keys!$C$9/AM14 -> 0 | AU14: =AN14*EXP($G14*INDEX(Costs_BAU!$C$5:$C$52,MATCH($A14,Costs_BAU!$A$5:$A$52,0)))/(AN14*EXP($G14*INDEX(Costs_BAU!$C$5:$C$52,MATCH($A14,Costs_BAU!$A$5:$A$52,0)))+AO14*EXP($G14*INDEX(Costs_BAU!$G$5:$G$52,MATCH($A14,Costs_BAU!$A$5:$A$52,0)))+AP14*EXP($G14*INDEX(Costs_BAU!$I$5:$I$52,MATCH($A14,Costs_BAU!$A$5:$A$52,0)))+AQ14*EXP($G14*INDEX(Costs_BAU!$E$5:$E$52,MATCH($A14,Costs_BAU!$A$5:$A$52,0)))+AR14*EXP($G14*INDEX(Costs_BAU!$F$5:$F$52,MATCH($A14,Costs_BAU!$A$5:$A$52,0)))+AS14*EXP($G14*INDEX(Costs_BAU!$D$5:$D$52,MATCH($A14,Costs_BAU!$A$5:$A$52,0)))+AT14*EXP($G14*INDEX(Costs_BAU!$H$5:$H$52,MATCH($A14,Costs_BAU!$A$5:$A$52,0)))) -> 0.068250301 | AV14: =AO14*EXP($G14*INDEX(Costs_BAU!$G$5:$G$52,MATCH($A14,Costs_BAU!$A$5:$A$52,0)))/(AN14*EXP($G14*INDEX(Costs_BAU!$C$5:$C$52,MATCH($A14,Costs_BAU!$A$5:$A$52,0)))+AO14*EXP($G14*INDEX(Costs_BAU!$G$5:$G$52,MATCH($A14,Costs_BAU!$A$5:$A$52,0)))+AP14*EXP($G14*INDEX(Costs_BAU!$I$5:$I$52,MATCH($A14,Costs_BAU!$A$5:$A$52,0)))+AQ14*EXP($G14*INDEX(Costs_BAU!$E$5:$E$52,MATCH($A14,Costs_BAU!$A$5:$A$52,0)))+AR14*EXP($G14*INDEX(Costs_BAU!$F$5:$F$52,MATCH($A14,Costs_BAU!$A$5:$A$52,0)))+AS14*EXP($G14*INDEX(Costs_BAU!$D$5:$D$52,MATCH($A14,Costs_BAU!$A$5:$A$52,0)))+AT14*EXP($G14*INDEX(Costs_BAU!$H$5:$H$52,MATCH($A14,Costs_BAU!$A$5:$A$52,0)))) -> 0.017010122 | AW14: =AP14*EXP($G14*INDEX(Costs_BAU!$I$5:$I$52,MATCH($A14,Costs_BAU!$A$5:$A$52,0)))/(AN14*EXP($G14*INDEX(Costs_BAU!$C$5:$C$52,MATCH($A14,Costs_BAU!$A$5:$A$52,0)))+AO14*EXP($G14*INDEX(Costs_BAU!$G$5:$G$52,MATCH($A14,Costs_BAU!$A$5:$A$52,0)))+AP14*EXP($G14*INDEX(Costs_BAU!$I$5:$I$52,MATCH($A14,Costs_BAU!$A$5:$A$52,0)))+AQ14*EXP($G14*INDEX(Costs_BAU!$E$5:$E$52,MATCH($A14,Costs_BAU!$A$5:$A$52,0)))+AR14*EXP($G14*INDEX(Costs_BAU!$F$5:$F$52,MATCH($A14,Costs_BAU!$A$5:$A$52,0)))+AS14*EXP($G14*INDEX(Costs_BAU!$D$5:$D$52,MATCH($A14,Costs_BAU!$A$5:$A$52,0)))+AT14*EXP($G14*INDEX(Costs_BAU!$H$5:$H$52,MATCH($A14,Costs_BAU!$A$5:$A$52,0)))) -> 0 | AX14: =AU14+AV14+AW14 -> 0.085260423 | AY14: =(AX14-$F14)*100 -> -0.17395769
A15: IA | B15: Iowa | C15: =INDEX(Alliance_2025!$H$5:$H$56,MATCH($A15,Alliance_2025!$A$5:$A$56,0)) -> 0.0281 | D15: =INDEX(Alliance_2025!$G$5:$G$56,MATCH($A15,Alliance_2025!$A$5:$A$56,0)) -> 0.0095 | E15: =INDEX(Alliance_2025!$I$5:$I$56,MATCH($A15,Alliance_2025!$A$5:$A$56,0)) -> 0 | F15: =C15+D15+E15 -> 0.0376 | G15: =Keys!$C$4 -> -8 | I15: =IF(INDEX(Costs_BAU!$E$5:$E$52,MATCH($A15,Costs_BAU!$A$5:$A$52,0))>Keys!$C$5,0,Keys!$C$6*EXP($G15*INDEX(Costs_BAU!$E$5:$E$52,MATCH($A15,Costs_BAU!$A$5:$A$52,0)))) -> 0.0098939482 | J15: =IF(INDEX(Costs_BAU!$F$5:$F$52,MATCH($A15,Costs_BAU!$A$5:$A$52,0))>Keys!$C$5,0,Keys!$C$7*EXP($G15*INDEX(Costs_BAU!$F$5:$F$52,MATCH($A15,Costs_BAU!$A$5:$A$52,0)))) -> 0.00034536832 | K15: =IF(INDEX(Costs_BAU!$D$5:$D$52,MATCH($A15,Costs_BAU!$A$5:$A$52,0))>Keys!$C$5,0,Keys!$C$8*EXP($G15*INDEX(Costs_BAU!$D$5:$D$52,MATCH($A15,Costs_BAU!$A$5:$A$52,0)))) -> 6.9985165e-07 | L15: =IF(INDEX(Costs_BAU!$H$5:$H$52,MATCH($A15,Costs_BAU!$A$5:$A$52,0))>Keys!$C$5,0,Keys!$C$9*EXP($G15*INDEX(Costs_BAU!$H$5:$H$52,MATCH($A15,Costs_BAU!$A$5:$A$52,0)))) -> 0 | M15: =SUM(I15:L15) -> 0.010240016 | N15: =M15/(1-F15) -> 0.010640084 | O15: =$C15*$N15*EXP(-$G15*INDEX(Costs_BAU!$C$5:$C$52,MATCH($A15,Costs_BAU!$A$5:$A$52,0))) -> 0.14933896 | P15: =$D15*$N15*EXP(-$G15*INDEX(Costs_BAU!$G$5:$G$52,MATCH($A15,Costs_BAU!$A$5:$A$52,0))) -> 0.012633056 | Q15: =$E15*$N15*EXP(-$G15*INDEX(Costs_BAU!$I$5:$I$52,MATCH($A15,Costs_BAU!$A$5:$A$52,0))) -> 0 | R15: =MAX(Keys!$C$15,O15,P15,Q15) -> 1 | S15: =O15/$R15 -> 0.14933896 | T15: =P15/$R15 -> 0.012633056 | U15: =Q15/$R15 -> 0 | V15: =Keys!$C$6/$R15 -> 1 | W15: =Keys!$C$7/$R15 -> 0.067938858 | X15: =Keys!$C$8/$R15 -> 0.00010673201 | Y15: =Keys!$C$9/$R15 -> 0 | Z15: =S15*EXP($G15*INDEX(Costs_BAU!$C$5:$C$52,MATCH($A15,Costs_BAU!$A$5:$A$52,0)))/(S15*EXP($G15*INDEX(Costs_BAU!$C$5:$C$52,MATCH($A15,Costs_BAU!$A$5:$A$52,0)))+T15*EXP($G15*INDEX(Costs_BAU!$G$5:$G$52,MATCH($A15,Costs_BAU!$A$5:$A$52,0)))+U15*EXP($G15*INDEX(Costs_BAU!$I$5:$I$52,MATCH($A15,Costs_BAU!$A$5:$A$52,0)))+V15*EXP($G15*INDEX(Costs_BAU!$E$5:$E$52,MATCH($A15,Costs_BAU!$A$5:$A$52,0)))+W15*EXP($G15*INDEX(Costs_BAU!$F$5:$F$52,MATCH($A15,Costs_BAU!$A$5:$A$52,0)))+X15*EXP($G15*INDEX(Costs_BAU!$D$5:$D$52,MATCH($A15,Costs_BAU!$A$5:$A$52,0)))+Y15*EXP($G15*INDEX(Costs_BAU!$H$5:$H$52,MATCH($A15,Costs_BAU!$A$5:$A$52,0)))) -> 0.0281 | AA15: =T15*EXP($G15*INDEX(Costs_BAU!$G$5:$G$52,MATCH($A15,Costs_BAU!$A$5:$A$52,0)))/(S15*EXP($G15*INDEX(Costs_BAU!$C$5:$C$52,MATCH($A15,Costs_BAU!$A$5:$A$52,0)))+T15*EXP($G15*INDEX(Costs_BAU!$G$5:$G$52,MATCH($A15,Costs_BAU!$A$5:$A$52,0)))+U15*EXP($G15*INDEX(Costs_BAU!$I$5:$I$52,MATCH($A15,Costs_BAU!$A$5:$A$52,0)))+V15*EXP($G15*INDEX(Costs_BAU!$E$5:$E$52,MATCH($A15,Costs_BAU!$A$5:$A$52,0)))+W15*EXP($G15*INDEX(Costs_BAU!$F$5:$F$52,MATCH($A15,Costs_BAU!$A$5:$A$52,0)))+X15*EXP($G15*INDEX(Costs_BAU!$D$5:$D$52,MATCH($A15,Costs_BAU!$A$5:$A$52,0)))+Y15*EXP($G15*INDEX(Costs_BAU!$H$5:$H$52,MATCH($A15,Costs_BAU!$A$5:$A$52,0)))) -> 0.0095 | AB15: =U15*EXP($G15*INDEX(Costs_BAU!$I$5:$I$52,MATCH($A15,Costs_BAU!$A$5:$A$52,0)))/(S15*EXP($G15*INDEX(Costs_BAU!$C$5:$C$52,MATCH($A15,Costs_BAU!$A$5:$A$52,0)))+T15*EXP($G15*INDEX(Costs_BAU!$G$5:$G$52,MATCH($A15,Costs_BAU!$A$5:$A$52,0)))+U15*EXP($G15*INDEX(Costs_BAU!$I$5:$I$52,MATCH($A15,Costs_BAU!$A$5:$A$52,0)))+V15*EXP($G15*INDEX(Costs_BAU!$E$5:$E$52,MATCH($A15,Costs_BAU!$A$5:$A$52,0)))+W15*EXP($G15*INDEX(Costs_BAU!$F$5:$F$52,MATCH($A15,Costs_BAU!$A$5:$A$52,0)))+X15*EXP($G15*INDEX(Costs_BAU!$D$5:$D$52,MATCH($A15,Costs_BAU!$A$5:$A$52,0)))+Y15*EXP($G15*INDEX(Costs_BAU!$H$5:$H$52,MATCH($A15,Costs_BAU!$A$5:$A$52,0)))) -> 0 | AC15: =MAX(ABS(Z15-C15),ABS(AA15-D15),ABS(AB15-E15)) -> 1.7347235e-18 | AD15: =IF(AC15>Keys!$C$14,"SHARE MISMATCH",IF(ABS(MAX(S15:Y15)-Keys!$C$15)>Keys!$C$14,"MAX WEIGHT <> 1",IF(R15>Keys!$C$15,"ok (rescaled)","ok"))) -> ok | AF15: 1 | AG15: =IF(O15>0,LOG10(O15),"") -> -0.82582687 | AH15: =IF(P15>0,LOG10(P15),"") -> -1.8984916 | AI15: =IF(Q15>0,LOG10(Q15),"") | AJ15: =IFERROR(10^AVERAGEIF($AF$6:$AF$53,AF15,$AG$6:$AG$53),0) -> 0.093934898 | AK15: =IFERROR(10^AVERAGEIF($AF$6:$AF$53,AF15,$AH$6:$AH$53),0) -> 0.010021685 | AL15: =IFERROR(10^AVERAGEIF($AF$6:$AF$53,AF15,$AI$6:$AI$53),0) -> 0 | AM15: =MAX(1,AJ15,AK15,AL15) -> 1 | AN15: =AJ15/AM15 -> 0.093934898 | AO15: =AK15/AM15 -> 0.010021685 | AP15: =AL15/AM15 -> 0 | AQ15: =Keys!$C$6/AM15 -> 1 | AR15: =Keys!$C$7/AM15 -> 0.067938858 | AS15: =Keys!$C$8/AM15 -> 0.00010673201 | AT15: =Keys!$C$9/AM15 -> 0 | AU15: =AN15*EXP($G15*INDEX(Costs_BAU!$C$5:$C$52,MATCH($A15,Costs_BAU!$A$5:$A$52,0)))/(AN15*EXP($G15*INDEX(Costs_BAU!$C$5:$C$52,MATCH($A15,Costs_BAU!$A$5:$A$52,0)))+AO15*EXP($G15*INDEX(Costs_BAU!$G$5:$G$52,MATCH($A15,Costs_BAU!$A$5:$A$52,0)))+AP15*EXP($G15*INDEX(Costs_BAU!$I$5:$I$52,MATCH($A15,Costs_BAU!$A$5:$A$52,0)))+AQ15*EXP($G15*INDEX(Costs_BAU!$E$5:$E$52,MATCH($A15,Costs_BAU!$A$5:$A$52,0)))+AR15*EXP($G15*INDEX(Costs_BAU!$F$5:$F$52,MATCH($A15,Costs_BAU!$A$5:$A$52,0)))+AS15*EXP($G15*INDEX(Costs_BAU!$D$5:$D$52,MATCH($A15,Costs_BAU!$A$5:$A$52,0)))+AT15*EXP($G15*INDEX(Costs_BAU!$H$5:$H$52,MATCH($A15,Costs_BAU!$A$5:$A$52,0)))) -> 0.017896748 | AV15: =AO15*EXP($G15*INDEX(Costs_BAU!$G$5:$G$52,MATCH($A15,Costs_BAU!$A$5:$A$52,0)))/(AN15*EXP($G15*INDEX(Costs_BAU!$C$5:$C$52,MATCH($A15,Costs_BAU!$A$5:$A$52,0)))+AO15*EXP($G15*INDEX(Costs_BAU!$G$5:$G$52,MATCH($A15,Costs_BAU!$A$5:$A$52,0)))+AP15*EXP($G15*INDEX(Costs_BAU!$I$5:$I$52,MATCH($A15,Costs_BAU!$A$5:$A$52,0)))+AQ15*EXP($G15*INDEX(Costs_BAU!$E$5:$E$52,MATCH($A15,Costs_BAU!$A$5:$A$52,0)))+AR15*EXP($G15*INDEX(Costs_BAU!$F$5:$F$52,MATCH($A15,Costs_BAU!$A$5:$A$52,0)))+AS15*EXP($G15*INDEX(Costs_BAU!$D$5:$D$52,MATCH($A15,Costs_BAU!$A$5:$A$52,0)))+AT15*EXP($G15*INDEX(Costs_BAU!$H$5:$H$52,MATCH($A15,Costs_BAU!$A$5:$A$52,0)))) -> 0.007630797 | AW15: =AP15*EXP($G15*INDEX(Costs_BAU!$I$5:$I$52,MATCH($A15,Costs_BAU!$A$5:$A$52,0)))/(AN15*EXP($G15*INDEX(Costs_BAU!$C$5:$C$52,MATCH($A15,Costs_BAU!$A$5:$A$52,0)))+AO15*EXP($G15*INDEX(Costs_BAU!$G$5:$G$52,MATCH($A15,Costs_BAU!$A$5:$A$52,0)))+AP15*EXP($G15*INDEX(Costs_BAU!$I$5:$I$52,MATCH($A15,Costs_BAU!$A$5:$A$52,0)))+AQ15*EXP($G15*INDEX(Costs_BAU!$E$5:$E$52,MATCH($A15,Costs_BAU!$A$5:$A$52,0)))+AR15*EXP($G15*INDEX(Costs_BAU!$F$5:$F$52,MATCH($A15,Costs_BAU!$A$5:$A$52,0)))+AS15*EXP($G15*INDEX(Costs_BAU!$D$5:$D$52,MATCH($A15,Costs_BAU!$A$5:$A$52,0)))+AT15*EXP($G15*INDEX(Costs_BAU!$H$5:$H$52,MATCH($A15,Costs_BAU!$A$5:$A$52,0)))) -> 0 | AX15: =AU15+AV15+AW15 -> 0.025527545 | AY15: =(AX15-$F15)*100 -> -1.2072455
A16: ID | B16: Idaho | C16: =INDEX(Alliance_2025!$H$5:$H$56,MATCH($A16,Alliance_2025!$A$5:$A$56,0)) -> 0.036 | D16: =INDEX(Alliance_2025!$G$5:$G$56,MATCH($A16,Alliance_2025!$A$5:$A$56,0)) -> 0.012 | E16: =INDEX(Alliance_2025!$I$5:$I$56,MATCH($A16,Alliance_2025!$A$5:$A$56,0)) -> 0 | F16: =C16+D16+E16 -> 0.048 | G16: =Keys!$C$4 -> -8 | I16: =IF(INDEX(Costs_BAU!$E$5:$E$52,MATCH($A16,Costs_BAU!$A$5:$A$52,0))>Keys!$C$5,0,Keys!$C$6*EXP($G16*INDEX(Costs_BAU!$E$5:$E$52,MATCH($A16,Costs_BAU!$A$5:$A$52,0)))) -> 0.0071100927 | J16: =IF(INDEX(Costs_BAU!$F$5:$F$52,MATCH($A16,Costs_BAU!$A$5:$A$52,0))>Keys!$C$5,0,Keys!$C$7*EXP($G16*INDEX(Costs_BAU!$F$5:$F$52,MATCH($A16,Costs_BAU!$A$5:$A$52,0)))) -> 0.00023873149 | K16: =IF(INDEX(Costs_BAU!$D$5:$D$52,MATCH($A16,Costs_BAU!$A$5:$A$52,0))>Keys!$C$5,0,Keys!$C$8*EXP($G16*INDEX(Costs_BAU!$D$5:$D$52,MATCH($A16,Costs_BAU!$A$5:$A$52,0)))) -> 4.8780141e-07 | L16: =IF(INDEX(Costs_BAU!$H$5:$H$52,MATCH($A16,Costs_BAU!$A$5:$A$52,0))>Keys!$C$5,0,Keys!$C$9*EXP($G16*INDEX(Costs_BAU!$H$5:$H$52,MATCH($A16,Costs_BAU!$A$5:$A$52,0)))) -> 0 | M16: =SUM(I16:L16) -> 0.007349312 | N16: =M16/(1-F16) -> 0.0077198655 | O16: =$C16*$N16*EXP(-$G16*INDEX(Costs_BAU!$C$5:$C$52,MATCH($A16,Costs_BAU!$A$5:$A$52,0))) -> 0.2079947 | P16: =$D16*$N16*EXP(-$G16*INDEX(Costs_BAU!$G$5:$G$52,MATCH($A16,Costs_BAU!$A$5:$A$52,0))) -> 0.01591892 | Q16: =$E16*$N16*EXP(-$G16*INDEX(Costs_BAU!$I$5:$I$52,MATCH($A16,Costs_BAU!$A$5:$A$52,0))) -> 0 | R16: =MAX(Keys!$C$15,O16,P16,Q16) -> 1 | S16: =O16/$R16 -> 0.2079947 | T16: =P16/$R16 -> 0.01591892 | U16: =Q16/$R16 -> 0 | V16: =Keys!$C$6/$R16 -> 1 | W16: =Keys!$C$7/$R16 -> 0.067938858 | X16: =Keys!$C$8/$R16 -> 0.00010673201 | Y16: =Keys!$C$9/$R16 -> 0 | Z16: =S16*EXP($G16*INDEX(Costs_BAU!$C$5:$C$52,MATCH($A16,Costs_BAU!$A$5:$A$52,0)))/(S16*EXP($G16*INDEX(Costs_BAU!$C$5:$C$52,MATCH($A16,Costs_BAU!$A$5:$A$52,0)))+T16*EXP($G16*INDEX(Costs_BAU!$G$5:$G$52,MATCH($A16,Costs_BAU!$A$5:$A$52,0)))+U16*EXP($G16*INDEX(Costs_BAU!$I$5:$I$52,MATCH($A16,Costs_BAU!$A$5:$A$52,0)))+V16*EXP($G16*INDEX(Costs_BAU!$E$5:$E$52,MATCH($A16,Costs_BAU!$A$5:$A$52,0)))+W16*EXP($G16*INDEX(Costs_BAU!$F$5:$F$52,MATCH($A16,Costs_BAU!$A$5:$A$52,0)))+X16*EXP($G16*INDEX(Costs_BAU!$D$5:$D$52,MATCH($A16,Costs_BAU!$A$5:$A$52,0)))+Y16*EXP($G16*INDEX(Costs_BAU!$H$5:$H$52,MATCH($A16,Costs_BAU!$A$5:$A$52,0)))) -> 0.036 | AA16: =T16*EXP($G16*INDEX(Costs_BAU!$G$5:$G$52,MATCH($A16,Costs_BAU!$A$5:$A$52,0)))/(S16*EXP($G16*INDEX(Costs_BAU!$C$5:$C$52,MATCH($A16,Costs_BAU!$A$5:$A$52,0)))+T16*EXP($G16*INDEX(Costs_BAU!$G$5:$G$52,MATCH($A16,Costs_BAU!$A$5:$A$52,0)))+U16*EXP($G16*INDEX(Costs_BAU!$I$5:$I$52,MATCH($A16,Costs_BAU!$A$5:$A$52,0)))+V16*EXP($G16*INDEX(Costs_BAU!$E$5:$E$52,MATCH($A16,Costs_BAU!$A$5:$A$52,0)))+W16*EXP($G16*INDEX(Costs_BAU!$F$5:$F$52,MATCH($A16,Costs_BAU!$A$5:$A$52,0)))+X16*EXP($G16*INDEX(Costs_BAU!$D$5:$D$52,MATCH($A16,Costs_BAU!$A$5:$A$52,0)))+Y16*EXP($G16*INDEX(Costs_BAU!$H$5:$H$52,MATCH($A16,Costs_BAU!$A$5:$A$52,0)))) -> 0.012 | AB16: =U16*EXP($G16*INDEX(Costs_BAU!$I$5:$I$52,MATCH($A16,Costs_BAU!$A$5:$A$52,0)))/(S16*EXP($G16*INDEX(Costs_BAU!$C$5:$C$52,MATCH($A16,Costs_BAU!$A$5:$A$52,0)))+T16*EXP($G16*INDEX(Costs_BAU!$G$5:$G$52,MATCH($A16,Costs_BAU!$A$5:$A$52,0)))+U16*EXP($G16*INDEX(Costs_BAU!$I$5:$I$52,MATCH($A16,Costs_BAU!$A$5:$A$52,0)))+V16*EXP($G16*INDEX(Costs_BAU!$E$5:$E$52,MATCH($A16,Costs_BAU!$A$5:$A$52,0)))+W16*EXP($G16*INDEX(Costs_BAU!$F$5:$F$52,MATCH($A16,Costs_BAU!$A$5:$A$52,0)))+X16*EXP($G16*INDEX(Costs_BAU!$D$5:$D$52,MATCH($A16,Costs_BAU!$A$5:$A$52,0)))+Y16*EXP($G16*INDEX(Costs_BAU!$H$5:$H$52,MATCH($A16,Costs_BAU!$A$5:$A$52,0)))) -> 0 | AC16: =MAX(ABS(Z16-C16),ABS(AA16-D16),ABS(AB16-E16)) -> 1.7347235e-18 | AD16: =IF(AC16>Keys!$C$14,"SHARE MISMATCH",IF(ABS(MAX(S16:Y16)-Keys!$C$15)>Keys!$C$14,"MAX WEIGHT <> 1",IF(R16>Keys!$C$15,"ok (rescaled)","ok"))) -> ok | AF16: 2 | AG16: =IF(O16>0,LOG10(O16),"") -> -0.68194773 | AH16: =IF(P16>0,LOG10(P16),"") -> -1.7980864 | AI16: =IF(Q16>0,LOG10(Q16),"") | AJ16: =IFERROR(10^AVERAGEIF($AF$6:$AF$53,AF16,$AG$6:$AG$53),0) -> 0.2499031 | AK16: =IFERROR(10^AVERAGEIF($AF$6:$AF$53,AF16,$AH$6:$AH$53),0) -> 0.022961157 | AL16: =IFERROR(10^AVERAGEIF($AF$6:$AF$53,AF16,$AI$6:$AI$53),0) -> 0 | AM16: =MAX(1,AJ16,AK16,AL16) -> 1 | AN16: =AJ16/AM16 -> 0.2499031 | AO16: =AK16/AM16 -> 0.022961157 | AP16: =AL16/AM16 -> 0 | AQ16: =Keys!$C$6/AM16 -> 1 | AR16: =Keys!$C$7/AM16 -> 0.067938858 | AS16: =Keys!$C$8/AM16 -> 0.00010673201 | AT16: =Keys!$C$9/AM16 -> 0 | AU16: =AN16*EXP($G16*INDEX(Costs_BAU!$C$5:$C$52,MATCH($A16,Costs_BAU!$A$5:$A$52,0)))/(AN16*EXP($G16*INDEX(Costs_BAU!$C$5:$C$52,MATCH($A16,Costs_BAU!$A$5:$A$52,0)))+AO16*EXP($G16*INDEX(Costs_BAU!$G$5:$G$52,MATCH($A16,Costs_BAU!$A$5:$A$52,0)))+AP16*EXP($G16*INDEX(Costs_BAU!$I$5:$I$52,MATCH($A16,Costs_BAU!$A$5:$A$52,0)))+AQ16*EXP($G16*INDEX(Costs_BAU!$E$5:$E$52,MATCH($A16,Costs_BAU!$A$5:$A$52,0)))+AR16*EXP($G16*INDEX(Costs_BAU!$F$5:$F$52,MATCH($A16,Costs_BAU!$A$5:$A$52,0)))+AS16*EXP($G16*INDEX(Costs_BAU!$D$5:$D$52,MATCH($A16,Costs_BAU!$A$5:$A$52,0)))+AT16*EXP($G16*INDEX(Costs_BAU!$H$5:$H$52,MATCH($A16,Costs_BAU!$A$5:$A$52,0)))) -> 0.042716945 | AV16: =AO16*EXP($G16*INDEX(Costs_BAU!$G$5:$G$52,MATCH($A16,Costs_BAU!$A$5:$A$52,0)))/(AN16*EXP($G16*INDEX(Costs_BAU!$C$5:$C$52,MATCH($A16,Costs_BAU!$A$5:$A$52,0)))+AO16*EXP($G16*INDEX(Costs_BAU!$G$5:$G$52,MATCH($A16,Costs_BAU!$A$5:$A$52,0)))+AP16*EXP($G16*INDEX(Costs_BAU!$I$5:$I$52,MATCH($A16,Costs_BAU!$A$5:$A$52,0)))+AQ16*EXP($G16*INDEX(Costs_BAU!$E$5:$E$52,MATCH($A16,Costs_BAU!$A$5:$A$52,0)))+AR16*EXP($G16*INDEX(Costs_BAU!$F$5:$F$52,MATCH($A16,Costs_BAU!$A$5:$A$52,0)))+AS16*EXP($G16*INDEX(Costs_BAU!$D$5:$D$52,MATCH($A16,Costs_BAU!$A$5:$A$52,0)))+AT16*EXP($G16*INDEX(Costs_BAU!$H$5:$H$52,MATCH($A16,Costs_BAU!$A$5:$A$52,0)))) -> 0.017093844 | AW16: =AP16*EXP($G16*INDEX(Costs_BAU!$I$5:$I$52,MATCH($A16,Costs_BAU!$A$5:$A$52,0)))/(AN16*EXP($G16*INDEX(Costs_BAU!$C$5:$C$52,MATCH($A16,Costs_BAU!$A$5:$A$52,0)))+AO16*EXP($G16*INDEX(Costs_BAU!$G$5:$G$52,MATCH($A16,Costs_BAU!$A$5:$A$52,0)))+AP16*EXP($G16*INDEX(Costs_BAU!$I$5:$I$52,MATCH($A16,Costs_BAU!$A$5:$A$52,0)))+AQ16*EXP($G16*INDEX(Costs_BAU!$E$5:$E$52,MATCH($A16,Costs_BAU!$A$5:$A$52,0)))+AR16*EXP($G16*INDEX(Costs_BAU!$F$5:$F$52,MATCH($A16,Costs_BAU!$A$5:$A$52,0)))+AS16*EXP($G16*INDEX(Costs_BAU!$D$5:$D$52,MATCH($A16,Costs_BAU!$A$5:$A$52,0)))+AT16*EXP($G16*INDEX(Costs_BAU!$H$5:$H$52,MATCH($A16,Costs_BAU!$A$5:$A$52,0)))) -> 0 | AX16: =AU16+AV16+AW16 -> 0.059810789 | AY16: =(AX16-$F16)*100 -> 1.1810789
A17: IL | B17: Illinois | C17: =INDEX(Alliance_2025!$H$5:$H$56,MATCH($A17,Alliance_2025!$A$5:$A$56,0)) -> 0.0655 | D17: =INDEX(Alliance_2025!$G$5:$G$56,MATCH($A17,Alliance_2025!$A$5:$A$56,0)) -> 0.0158 | E17: =INDEX(Alliance_2025!$I$5:$I$56,MATCH($A17,Alliance_2025!$A$5:$A$56,0)) -> 0 | F17: =C17+D17+E17 -> 0.0813 | G17: =Keys!$C$4 -> -8 | I17: =IF(INDEX(Costs_BAU!$E$5:$E$52,MATCH($A17,Costs_BAU!$A$5:$A$52,0))>Keys!$C$5,0,Keys!$C$6*EXP($G17*INDEX(Costs_BAU!$E$5:$E$52,MATCH($A17,Costs_BAU!$A$5:$A$52,0)))) -> 0.0089852764 | J17: =IF(INDEX(Costs_BAU!$F$5:$F$52,MATCH($A17,Costs_BAU!$A$5:$A$52,0))>Keys!$C$5,0,Keys!$C$7*EXP($G17*INDEX(Costs_BAU!$F$5:$F$52,MATCH($A17,Costs_BAU!$A$5:$A$52,0)))) -> 0.00030477428 | K17: =IF(INDEX(Costs_BAU!$D$5:$D$52,MATCH($A17,Costs_BAU!$A$5:$A$52,0))>Keys!$C$5,0,Keys!$C$8*EXP($G17*INDEX(Costs_BAU!$D$5:$D$52,MATCH($A17,Costs_BAU!$A$5:$A$52,0)))) -> 6.299424e-07 | L17: =IF(INDEX(Costs_BAU!$H$5:$H$52,MATCH($A17,Costs_BAU!$A$5:$A$52,0))>Keys!$C$5,0,Keys!$C$9*EXP($G17*INDEX(Costs_BAU!$H$5:$H$52,MATCH($A17,Costs_BAU!$A$5:$A$52,0)))) -> 0 | M17: =SUM(I17:L17) -> 0.0092906806 | N17: =M17/(1-F17) -> 0.010112856 | O17: =$C17*$N17*EXP(-$G17*INDEX(Costs_BAU!$C$5:$C$52,MATCH($A17,Costs_BAU!$A$5:$A$52,0))) -> 0.32297481 | P17: =$D17*$N17*EXP(-$G17*INDEX(Costs_BAU!$G$5:$G$52,MATCH($A17,Costs_BAU!$A$5:$A$52,0))) -> 0.022635651 | Q17: =$E17*$N17*EXP(-$G17*INDEX(Costs_BAU!$I$5:$I$52,MATCH($A17,Costs_BAU!$A$5:$A$52,0))) -> 0 | R17: =MAX(Keys!$C$15,O17,P17,Q17) -> 1 | S17: =O17/$R17 -> 0.32297481 | T17: =P17/$R17 -> 0.022635651 | U17: =Q17/$R17 -> 0 | V17: =Keys!$C$6/$R17 -> 1 | W17: =Keys!$C$7/$R17 -> 0.067938858 | X17: =Keys!$C$8/$R17 -> 0.00010673201 | Y17: =Keys!$C$9/$R17 -> 0 | Z17: =S17*EXP($G17*INDEX(Costs_BAU!$C$5:$C$52,MATCH($A17,Costs_BAU!$A$5:$A$52,0)))/(S17*EXP($G17*INDEX(Costs_BAU!$C$5:$C$52,MATCH($A17,Costs_BAU!$A$5:$A$52,0)))+T17*EXP($G17*INDEX(Costs_BAU!$G$5:$G$52,MATCH($A17,Costs_BAU!$A$5:$A$52,0)))+U17*EXP($G17*INDEX(Costs_BAU!$I$5:$I$52,MATCH($A17,Costs_BAU!$A$5:$A$52,0)))+V17*EXP($G17*INDEX(Costs_BAU!$E$5:$E$52,MATCH($A17,Costs_BAU!$A$5:$A$52,0)))+W17*EXP($G17*INDEX(Costs_BAU!$F$5:$F$52,MATCH($A17,Costs_BAU!$A$5:$A$52,0)))+X17*EXP($G17*INDEX(Costs_BAU!$D$5:$D$52,MATCH($A17,Costs_BAU!$A$5:$A$52,0)))+Y17*EXP($G17*INDEX(Costs_BAU!$H$5:$H$52,MATCH($A17,Costs_BAU!$A$5:$A$52,0)))) -> 0.0655 | AA17: =T17*EXP($G17*INDEX(Costs_BAU!$G$5:$G$52,MATCH($A17,Costs_BAU!$A$5:$A$52,0)))/(S17*EXP($G17*INDEX(Costs_BAU!$C$5:$C$52,MATCH($A17,Costs_BAU!$A$5:$A$52,0)))+T17*EXP($G17*INDEX(Costs_BAU!$G$5:$G$52,MATCH($A17,Costs_BAU!$A$5:$A$52,0)))+U17*EXP($G17*INDEX(Costs_BAU!$I$5:$I$52,MATCH($A17,Costs_BAU!$A$5:$A$52,0)))+V17*EXP($G17*INDEX(Costs_BAU!$E$5:$E$52,MATCH($A17,Costs_BAU!$A$5:$A$52,0)))+W17*EXP($G17*INDEX(Costs_BAU!$F$5:$F$52,MATCH($A17,Costs_BAU!$A$5:$A$52,0)))+X17*EXP($G17*INDEX(Costs_BAU!$D$5:$D$52,MATCH($A17,Costs_BAU!$A$5:$A$52,0)))+Y17*EXP($G17*INDEX(Costs_BAU!$H$5:$H$52,MATCH($A17,Costs_BAU!$A$5:$A$52,0)))) -> 0.0158 | AB17: =U17*EXP($G17*INDEX(Costs_BAU!$I$5:$I$52,MATCH($A17,Costs_BAU!$A$5:$A$52,0)))/(S17*EXP($G17*INDEX(Costs_BAU!$C$5:$C$52,MATCH($A17,Costs_BAU!$A$5:$A$52,0)))+T17*EXP($G17*INDEX(Costs_BAU!$G$5:$G$52,MATCH($A17,Costs_BAU!$A$5:$A$52,0)))+U17*EXP($G17*INDEX(Costs_BAU!$I$5:$I$52,MATCH($A17,Costs_BAU!$A$5:$A$52,0)))+V17*EXP($G17*INDEX(Costs_BAU!$E$5:$E$52,MATCH($A17,Costs_BAU!$A$5:$A$52,0)))+W17*EXP($G17*INDEX(Costs_BAU!$F$5:$F$52,MATCH($A17,Costs_BAU!$A$5:$A$52,0)))+X17*EXP($G17*INDEX(Costs_BAU!$D$5:$D$52,MATCH($A17,Costs_BAU!$A$5:$A$52,0)))+Y17*EXP($G17*INDEX(Costs_BAU!$H$5:$H$52,MATCH($A17,Costs_BAU!$A$5:$A$52,0)))) -> 0 | AC17: =MAX(ABS(Z17-C17),ABS(AA17-D17),ABS(AB17-E17)) -> 1.3877788e-17 | AD17: =IF(AC17>Keys!$C$14,"SHARE MISMATCH",IF(ABS(MAX(S17:Y17)-Keys!$C$15)>Keys!$C$14,"MAX WEIGHT <> 1",IF(R17>Keys!$C$15,"ok (rescaled)","ok"))) -> ok | AF17: 2 | AG17: =IF(O17>0,LOG10(O17),"") -> -0.49083135 | AH17: =IF(P17>0,LOG10(P17),"") -> -1.645207 | AI17: =IF(Q17>0,LOG10(Q17),"") | AJ17: =IFERROR(10^AVERAGEIF($AF$6:$AF$53,AF17,$AG$6:$AG$53),0) -> 0.2499031 | AK17: =IFERROR(10^AVERAGEIF($AF$6:$AF$53,AF17,$AH$6:$AH$53),0) -> 0.022961157 | AL17: =IFERROR(10^AVERAGEIF($AF$6:$AF$53,AF17,$AI$6:$AI$53),0) -> 0 | AM17: =MAX(1,AJ17,AK17,AL17) -> 1 | AN17: =AJ17/AM17 -> 0.2499031 | AO17: =AK17/AM17 -> 0.022961157 | AP17: =AL17/AM17 -> 0 | AQ17: =Keys!$C$6/AM17 -> 1 | AR17: =Keys!$C$7/AM17 -> 0.067938858 | AS17: =Keys!$C$8/AM17 -> 0.00010673201 | AT17: =Keys!$C$9/AM17 -> 0 | AU17: =AN17*EXP($G17*INDEX(Costs_BAU!$C$5:$C$52,MATCH($A17,Costs_BAU!$A$5:$A$52,0)))/(AN17*EXP($G17*INDEX(Costs_BAU!$C$5:$C$52,MATCH($A17,Costs_BAU!$A$5:$A$52,0)))+AO17*EXP($G17*INDEX(Costs_BAU!$G$5:$G$52,MATCH($A17,Costs_BAU!$A$5:$A$52,0)))+AP17*EXP($G17*INDEX(Costs_BAU!$I$5:$I$52,MATCH($A17,Costs_BAU!$A$5:$A$52,0)))+AQ17*EXP($G17*INDEX(Costs_BAU!$E$5:$E$52,MATCH($A17,Costs_BAU!$A$5:$A$52,0)))+AR17*EXP($G17*INDEX(Costs_BAU!$F$5:$F$52,MATCH($A17,Costs_BAU!$A$5:$A$52,0)))+AS17*EXP($G17*INDEX(Costs_BAU!$D$5:$D$52,MATCH($A17,Costs_BAU!$A$5:$A$52,0)))+AT17*EXP($G17*INDEX(Costs_BAU!$H$5:$H$52,MATCH($A17,Costs_BAU!$A$5:$A$52,0)))) -> 0.051431378 | AV17: =AO17*EXP($G17*INDEX(Costs_BAU!$G$5:$G$52,MATCH($A17,Costs_BAU!$A$5:$A$52,0)))/(AN17*EXP($G17*INDEX(Costs_BAU!$C$5:$C$52,MATCH($A17,Costs_BAU!$A$5:$A$52,0)))+AO17*EXP($G17*INDEX(Costs_BAU!$G$5:$G$52,MATCH($A17,Costs_BAU!$A$5:$A$52,0)))+AP17*EXP($G17*INDEX(Costs_BAU!$I$5:$I$52,MATCH($A17,Costs_BAU!$A$5:$A$52,0)))+AQ17*EXP($G17*INDEX(Costs_BAU!$E$5:$E$52,MATCH($A17,Costs_BAU!$A$5:$A$52,0)))+AR17*EXP($G17*INDEX(Costs_BAU!$F$5:$F$52,MATCH($A17,Costs_BAU!$A$5:$A$52,0)))+AS17*EXP($G17*INDEX(Costs_BAU!$D$5:$D$52,MATCH($A17,Costs_BAU!$A$5:$A$52,0)))+AT17*EXP($G17*INDEX(Costs_BAU!$H$5:$H$52,MATCH($A17,Costs_BAU!$A$5:$A$52,0)))) -> 0.016264538 | AW17: =AP17*EXP($G17*INDEX(Costs_BAU!$I$5:$I$52,MATCH($A17,Costs_BAU!$A$5:$A$52,0)))/(AN17*EXP($G17*INDEX(Costs_BAU!$C$5:$C$52,MATCH($A17,Costs_BAU!$A$5:$A$52,0)))+AO17*EXP($G17*INDEX(Costs_BAU!$G$5:$G$52,MATCH($A17,Costs_BAU!$A$5:$A$52,0)))+AP17*EXP($G17*INDEX(Costs_BAU!$I$5:$I$52,MATCH($A17,Costs_BAU!$A$5:$A$52,0)))+AQ17*EXP($G17*INDEX(Costs_BAU!$E$5:$E$52,MATCH($A17,Costs_BAU!$A$5:$A$52,0)))+AR17*EXP($G17*INDEX(Costs_BAU!$F$5:$F$52,MATCH($A17,Costs_BAU!$A$5:$A$52,0)))+AS17*EXP($G17*INDEX(Costs_BAU!$D$5:$D$52,MATCH($A17,Costs_BAU!$A$5:$A$52,0)))+AT17*EXP($G17*INDEX(Costs_BAU!$H$5:$H$52,MATCH($A17,Costs_BAU!$A$5:$A$52,0)))) -> 0 | AX17: =AU17+AV17+AW17 -> 0.067695916 | AY17: =(AX17-$F17)*100 -> -1.3604084
... A53: WY | B53: Wyoming | C53: =INDEX(Alliance_2025!$H$5:$H$56,MATCH($A53,Alliance_2025!$A$5:$A$56,0)) -> 0.0157 | D53: =INDEX(Alliance_2025!$G$5:$G$56,MATCH($A53,Alliance_2025!$A$5:$A$56,0)) -> 0.0069 | E53: =INDEX(Alliance_2025!$I$5:$I$56,MATCH($A53,Alliance_2025!$A$5:$A$56,0)) -> 0 | F53: =C53+D53+E53 -> 0.0226 | G53: =Keys!$C$4 -> -8 | I53: =IF(INDEX(Costs_BAU!$E$5:$E$52,MATCH($A53,Costs_BAU!$A$5:$A$52,0))>Keys!$C$5,0,Keys!$C$6*EXP($G53*INDEX(Costs_BAU!$E$5:$E$52,MATCH($A53,Costs_BAU!$A$5:$A$52,0)))) -> 0.010449094 | J53: =IF(INDEX(Costs_BAU!$F$5:$F$52,MATCH($A53,Costs_BAU!$A$5:$A$52,0))>Keys!$C$5,0,Keys!$C$7*EXP($G53*INDEX(Costs_BAU!$F$5:$F$52,MATCH($A53,Costs_BAU!$A$5:$A$52,0)))) -> 0.00036936283 | K53: =IF(INDEX(Costs_BAU!$D$5:$D$52,MATCH($A53,Costs_BAU!$A$5:$A$52,0))>Keys!$C$5,0,Keys!$C$8*EXP($G53*INDEX(Costs_BAU!$D$5:$D$52,MATCH($A53,Costs_BAU!$A$5:$A$52,0)))) -> 7.4472303e-07 | L53: =IF(INDEX(Costs_BAU!$H$5:$H$52,MATCH($A53,Costs_BAU!$A$5:$A$52,0))>Keys!$C$5,0,Keys!$C$9*EXP($G53*INDEX(Costs_BAU!$H$5:$H$52,MATCH($A53,Costs_BAU!$A$5:$A$52,0)))) -> 0 | M53: =SUM(I53:L53) -> 0.010819202 | N53: =M53/(1-F53) -> 0.011069369 | O53: =$C53*$N53*EXP(-$G53*INDEX(Costs_BAU!$C$5:$C$52,MATCH($A53,Costs_BAU!$A$5:$A$52,0))) -> 0.07832033 | P53: =$D53*$N53*EXP(-$G53*INDEX(Costs_BAU!$G$5:$G$52,MATCH($A53,Costs_BAU!$A$5:$A$52,0))) -> 0.0089272456 | Q53: =$E53*$N53*EXP(-$G53*INDEX(Costs_BAU!$I$5:$I$52,MATCH($A53,Costs_BAU!$A$5:$A$52,0))) -> 0 | R53: =MAX(Keys!$C$15,O53,P53,Q53) -> 1 | S53: =O53/$R53 -> 0.07832033 | T53: =P53/$R53 -> 0.0089272456 | U53: =Q53/$R53 -> 0 | V53: =Keys!$C$6/$R53 -> 1 | W53: =Keys!$C$7/$R53 -> 0.067938858 | X53: =Keys!$C$8/$R53 -> 0.00010673201 | Y53: =Keys!$C$9/$R53 -> 0 | Z53: =S53*EXP($G53*INDEX(Costs_BAU!$C$5:$C$52,MATCH($A53,Costs_BAU!$A$5:$A$52,0)))/(S53*EXP($G53*INDEX(Costs_BAU!$C$5:$C$52,MATCH($A53,Costs_BAU!$A$5:$A$52,0)))+T53*EXP($G53*INDEX(Costs_BAU!$G$5:$G$52,MATCH($A53,Costs_BAU!$A$5:$A$52,0)))+U53*EXP($G53*INDEX(Costs_BAU!$I$5:$I$52,MATCH($A53,Costs_BAU!$A$5:$A$52,0)))+V53*EXP($G53*INDEX(Costs_BAU!$E$5:$E$52,MATCH($A53,Costs_BAU!$A$5:$A$52,0)))+W53*EXP($G53*INDEX(Costs_BAU!$F$5:$F$52,MATCH($A53,Costs_BAU!$A$5:$A$52,0)))+X53*EXP($G53*INDEX(Costs_BAU!$D$5:$D$52,MATCH($A53,Costs_BAU!$A$5:$A$52,0)))+Y53*EXP($G53*INDEX(Costs_BAU!$H$5:$H$52,MATCH($A53,Costs_BAU!$A$5:$A$52,0)))) -> 0.0157 | AA53: =T53*EXP($G53*INDEX(Costs_BAU!$G$5:$G$52,MATCH($A53,Costs_BAU!$A$5:$A$52,0)))/(S53*EXP($G53*INDEX(Costs_BAU!$C$5:$C$52,MATCH($A53,Costs_BAU!$A$5:$A$52,0)))+T53*EXP($G53*INDEX(Costs_BAU!$G$5:$G$52,MATCH($A53,Costs_BAU!$A$5:$A$52,0)))+U53*EXP($G53*INDEX(Costs_BAU!$I$5:$I$52,MATCH($A53,Costs_BAU!$A$5:$A$52,0)))+V53*EXP($G53*INDEX(Costs_BAU!$E$5:$E$52,MATCH($A53,Costs_BAU!$A$5:$A$52,0)))+W53*EXP($G53*INDEX(Costs_BAU!$F$5:$F$52,MATCH($A53,Costs_BAU!$A$5:$A$52,0)))+X53*EXP($G53*INDEX(Costs_BAU!$D$5:$D$52,MATCH($A53,Costs_BAU!$A$5:$A$52,0)))+Y53*EXP($G53*INDEX(Costs_BAU!$H$5:$H$52,MATCH($A53,Costs_BAU!$A$5:$A$52,0)))) -> 0.0069 | AB53: =U53*EXP($G53*INDEX(Costs_BAU!$I$5:$I$52,MATCH($A53,Costs_BAU!$A$5:$A$52,0)))/(S53*EXP($G53*INDEX(Costs_BAU!$C$5:$C$52,MATCH($A53,Costs_BAU!$A$5:$A$52,0)))+T53*EXP($G53*INDEX(Costs_BAU!$G$5:$G$52,MATCH($A53,Costs_BAU!$A$5:$A$52,0)))+U53*EXP($G53*INDEX(Costs_BAU!$I$5:$I$52,MATCH($A53,Costs_BAU!$A$5:$A$52,0)))+V53*EXP($G53*INDEX(Costs_BAU!$E$5:$E$52,MATCH($A53,Costs_BAU!$A$5:$A$52,0)))+W53*EXP($G53*INDEX(Costs_BAU!$F$5:$F$52,MATCH($A53,Costs_BAU!$A$5:$A$52,0)))+X53*EXP($G53*INDEX(Costs_BAU!$D$5:$D$52,MATCH($A53,Costs_BAU!$A$5:$A$52,0)))+Y53*EXP($G53*INDEX(Costs_BAU!$H$5:$H$52,MATCH($A53,Costs_BAU!$A$5:$A$52,0)))) -> 0 | AC53: =MAX(ABS(Z53-C53),ABS(AA53-D53),ABS(AB53-E53)) -> 0 | AD53: =IF(AC53>Keys!$C$14,"SHARE MISMATCH",IF(ABS(MAX(S53:Y53)-Keys!$C$15)>Keys!$C$14,"MAX WEIGHT <> 1",IF(R53>Keys!$C$15,"ok (rescaled)","ok"))) -> ok | AF53: 1 | AG53: =IF(O53>0,LOG10(O53),"") -> -1.1061255 | AH53: =IF(P53>0,LOG10(P53),"") -> -2.0492825 | AI53: =IF(Q53>0,LOG10(Q53),"") | AJ53: =IFERROR(10^AVERAGEIF($AF$6:$AF$53,AF53,$AG$6:$AG$53),0) -> 0.093934898 | AK53: =IFERROR(10^AVERAGEIF($AF$6:$AF$53,AF53,$AH$6:$AH$53),0) -> 0.010021685 | AL53: =IFERROR(10^AVERAGEIF($AF$6:$AF$53,AF53,$AI$6:$AI$53),0) -> 0 | AM53: =MAX(1,AJ53,AK53,AL53) -> 1 | AN53: =AJ53/AM53 -> 0.093934898 | AO53: =AK53/AM53 -> 0.010021685 | AP53: =AL53/AM53 -> 0 | AQ53: =Keys!$C$6/AM53 -> 1 | AR53: =Keys!$C$7/AM53 -> 0.067938858 | AS53: =Keys!$C$8/AM53 -> 0.00010673201 | AT53: =Keys!$C$9/AM53 -> 0 | AU53: =AN53*EXP($G53*INDEX(Costs_BAU!$C$5:$C$52,MATCH($A53,Costs_BAU!$A$5:$A$52,0)))/(AN53*EXP($G53*INDEX(Costs_BAU!$C$5:$C$52,MATCH($A53,Costs_BAU!$A$5:$A$52,0)))+AO53*EXP($G53*INDEX(Costs_BAU!$G$5:$G$52,MATCH($A53,Costs_BAU!$A$5:$A$52,0)))+AP53*EXP($G53*INDEX(Costs_BAU!$I$5:$I$52,MATCH($A53,Costs_BAU!$A$5:$A$52,0)))+AQ53*EXP($G53*INDEX(Costs_BAU!$E$5:$E$52,MATCH($A53,Costs_BAU!$A$5:$A$52,0)))+AR53*EXP($G53*INDEX(Costs_BAU!$F$5:$F$52,MATCH($A53,Costs_BAU!$A$5:$A$52,0)))+AS53*EXP($G53*INDEX(Costs_BAU!$D$5:$D$52,MATCH($A53,Costs_BAU!$A$5:$A$52,0)))+AT53*EXP($G53*INDEX(Costs_BAU!$H$5:$H$52,MATCH($A53,Costs_BAU!$A$5:$A$52,0)))) -> 0.018755506 | AV53: =AO53*EXP($G53*INDEX(Costs_BAU!$G$5:$G$52,MATCH($A53,Costs_BAU!$A$5:$A$52,0)))/(AN53*EXP($G53*INDEX(Costs_BAU!$C$5:$C$52,MATCH($A53,Costs_BAU!$A$5:$A$52,0)))+AO53*EXP($G53*INDEX(Costs_BAU!$G$5:$G$52,MATCH($A53,Costs_BAU!$A$5:$A$52,0)))+AP53*EXP($G53*INDEX(Costs_BAU!$I$5:$I$52,MATCH($A53,Costs_BAU!$A$5:$A$52,0)))+AQ53*EXP($G53*INDEX(Costs_BAU!$E$5:$E$52,MATCH($A53,Costs_BAU!$A$5:$A$52,0)))+AR53*EXP($G53*INDEX(Costs_BAU!$F$5:$F$52,MATCH($A53,Costs_BAU!$A$5:$A$52,0)))+AS53*EXP($G53*INDEX(Costs_BAU!$D$5:$D$52,MATCH($A53,Costs_BAU!$A$5:$A$52,0)))+AT53*EXP($G53*INDEX(Costs_BAU!$H$5:$H$52,MATCH($A53,Costs_BAU!$A$5:$A$52,0)))) -> 0.0077152328 | AW53: =AP53*EXP($G53*INDEX(Costs_BAU!$I$5:$I$52,MATCH($A53,Costs_BAU!$A$5:$A$52,0)))/(AN53*EXP($G53*INDEX(Costs_BAU!$C$5:$C$52,MATCH($A53,Costs_BAU!$A$5:$A$52,0)))+AO53*EXP($G53*INDEX(Costs_BAU!$G$5:$G$52,MATCH($A53,Costs_BAU!$A$5:$A$52,0)))+AP53*EXP($G53*INDEX(Costs_BAU!$I$5:$I$52,MATCH($A53,Costs_BAU!$A$5:$A$52,0)))+AQ53*EXP($G53*INDEX(Costs_BAU!$E$5:$E$52,MATCH($A53,Costs_BAU!$A$5:$A$52,0)))+AR53*EXP($G53*INDEX(Costs_BAU!$F$5:$F$52,MATCH($A53,Costs_BAU!$A$5:$A$52,0)))+AS53*EXP($G53*INDEX(Costs_BAU!$D$5:$D$52,MATCH($A53,Costs_BAU!$A$5:$A$52,0)))+AT53*EXP($G53*INDEX(Costs_BAU!$H$5:$H$52,MATCH($A53,Costs_BAU!$A$5:$A$52,0)))) -> 0 | AX53: =AU53+AV53+AW53 -> 0.026470739 | AY53: =(AX53-$F53)*100 -> 0.38707389
B55: unweighted mean of state targets (NOT the national total -- sales concentrate in high-EV states; volume-weight once the BAU export provides BAU New Vehicles Demanded per state): | C55: =AVERAGE(C6:C53) -> 0.057845833 | D55: =AVERAGE(D6:D53) -> 0.015439583 | E55: =AVERAGE(E6:E53) -> 4.1666667e-06
B56: Alliance U.S. row (the volume-weighted national truth): | C56: =INDEX(Alliance_2025!$H$5:$H$56,MATCH(Keys!$C$13,Alliance_2025!$A$5:$A$56,0)) -> 0.0787 | D56: =INDEX(Alliance_2025!$G$5:$G$56,MATCH(Keys!$C$13,Alliance_2025!$A$5:$A$56,0)) -> 0.0172 | E56: =INDEX(Alliance_2025!$I$5:$I$56,MATCH(Keys!$C$13,Alliance_2025!$A$5:$A$56,0)) -> 0
B58: Anchor tiering: the 4 tiers above replace the per-state anchors in the Data sheet. Tier weight = geometric mean of member states' solved weights; col AY is the accuracy cost in percentage points of base-year ZEV share. Tier IDs come from a 1-D dynamic program minimising the WORST such error (k-means minimises weight distance, which is the wrong objective and gave 10.6pp).
B59: worst |err| across all states: | AY59: =MAX(ABS(AY6:AY53)) -> #VALUE!

Sheet SYVbT_all
A1: Start-year vehicles by technology (passenger), as currently deployed in state-eps-data/<ST>/trans/SYVbT/SYVbT-passenger.csv -- embedded verbatim
A3: state_abbr | B3: mode | C3: battery electric vehicle | D3: natural gas vehicle | E3: gasoline vehicle | F3: diesel vehicle | G3: plugin hybrid vehicle | H3: LPG vehicle | I3: hydrogen vehicle
A4: AL | B4: LDVs | C4: 17500 | D4: 100 | E4: 5181820 | F4: 28594 | G4: 6800 | H4: 100 | I4: 0
A5: AL | B5: HDVs | C5: 1 | D5: 401 | E5: 315 | F5: 2505 | G5: 0 | H5: 147 | I5: 1
A6: AL | B6: aircraft | C6: 0 | D6: 0 | E6: 0 | F6: 24 | G6: 0 | H6: 0 | I6: 0
A7: AL | B7: rail | C7: 0 | D7: 0 | E7: 0 | F7: 0 | G7: 0 | H7: 0 | I7: 0
A8: AL | B8: ships | C8: 0 | D8: 0 | E8: 219517 | F8: 53514 | G8: 0 | H8: 0 | I8: 0
A9: AL | B9: motorbikes | C9: 0 | D9: 0 | E9: 129014 | F9: 0 | G9: 0 | H9: 0 | I9: 0
A10: AR | B10: LDVs | C10: 9500 | D10: 200 | E10: 3033560 | F10: 20015 | G10: 3800 | H10: 0 | I10: 0
A11: AR | B11: HDVs | C11: 3 | D11: 1285 | E11: 1011 | F11: 8034 | G11: 0 | H11: 471 | I11: 2
A12: AR | B12: aircraft | C12: 0 | D12: 0 | E12: 0 | F12: 24 | G12: 0 | H12: 0 | I12: 0
A13: AR | B13: rail | C13: 3 | D13: 0 | E13: 0 | F13: 0 | G13: 0 | H13: 0 | I13: 0
A14: AR | B14: ships | C14: 0 | D14: 0 | E14: 173865 | F14: 42385 | G14: 0 | H14: 0 | I14: 0
A15: AR | B15: motorbikes | C15: 0 | D15: 0 | E15: 100497 | F15: 0 | G15: 0 | H15: 0 | I15: 0
... A291: WY | B291: motorbikes | C291: 0 | D291: 0 | E291: 28613 | F291: 0 | G291: 0 | H291: 0 | I291: 0

Sheet SYVbT-passenger
A1: Number of Vehicles | B1: battery electric vehicle | C1: natural gas vehicle | D1: gasoline vehicle | E1: diesel vehicle | F1: plugin hybrid vehicle | G1: LPG vehicle | H1: hydrogen vehicle
A2: LDVs | B2: =SUMIFS(SYVbT_all!$C$4:$C$291,SYVbT_all!$A$4:$A$291,About!$B$2,SYVbT_all!$B$4:$B$291,$A2) -> 22600 | C2: =SUMIFS(SYVbT_all!$D$4:$D$291,SYVbT_all!$A$4:$A$291,About!$B$2,SYVbT_all!$B$4:$B$291,$A2) -> 1700 | D2: =SUMIFS(SYVbT_all!$E$4:$E$291,SYVbT_all!$A$4:$A$291,About!$B$2,SYVbT_all!$B$4:$B$291,$A2) -> 3300240 | E2: =SUMIFS(SYVbT_all!$F$4:$F$291,SYVbT_all!$A$4:$A$291,About!$B$2,SYVbT_all!$B$4:$B$291,$A2) -> 32652 | F2: =SUMIFS(SYVbT_all!$G$4:$G$291,SYVbT_all!$A$4:$A$291,About!$B$2,SYVbT_all!$B$4:$B$291,$A2) -> 7632 | G2: =SUMIFS(SYVbT_all!$H$4:$H$291,SYVbT_all!$A$4:$A$291,About!$B$2,SYVbT_all!$B$4:$B$291,$A2) -> 200 | H2: =SUMIFS(SYVbT_all!$I$4:$I$291,SYVbT_all!$A$4:$A$291,About!$B$2,SYVbT_all!$B$4:$B$291,$A2) -> 0
A3: HDVs | B3: =SUMIFS(SYVbT_all!$C$4:$C$291,SYVbT_all!$A$4:$A$291,About!$B$2,SYVbT_all!$B$4:$B$291,$A3) -> 1 | C3: =SUMIFS(SYVbT_all!$D$4:$D$291,SYVbT_all!$A$4:$A$291,About!$B$2,SYVbT_all!$B$4:$B$291,$A3) -> 244 | D3: =SUMIFS(SYVbT_all!$E$4:$E$291,SYVbT_all!$A$4:$A$291,About!$B$2,SYVbT_all!$B$4:$B$291,$A3) -> 192 | E3: =SUMIFS(SYVbT_all!$F$4:$F$291,SYVbT_all!$A$4:$A$291,About!$B$2,SYVbT_all!$B$4:$B$291,$A3) -> 1526 | F3: =SUMIFS(SYVbT_all!$G$4:$G$291,SYVbT_all!$A$4:$A$291,About!$B$2,SYVbT_all!$B$4:$B$291,$A3) -> 0 | G3: =SUMIFS(SYVbT_all!$H$4:$H$291,SYVbT_all!$A$4:$A$291,About!$B$2,SYVbT_all!$B$4:$B$291,$A3) -> 89 | H3: =SUMIFS(SYVbT_all!$I$4:$I$291,SYVbT_all!$A$4:$A$291,About!$B$2,SYVbT_all!$B$4:$B$291,$A3) -> 0
A4: aircraft | B4: =SUMIFS(SYVbT_all!$C$4:$C$291,SYVbT_all!$A$4:$A$291,About!$B$2,SYVbT_all!$B$4:$B$291,$A4) -> 0 | C4: =SUMIFS(SYVbT_all!$D$4:$D$291,SYVbT_all!$A$4:$A$291,About!$B$2,SYVbT_all!$B$4:$B$291,$A4) -> 0 | D4: =SUMIFS(SYVbT_all!$E$4:$E$291,SYVbT_all!$A$4:$A$291,About!$B$2,SYVbT_all!$B$4:$B$291,$A4) -> 0 | E4: =SUMIFS(SYVbT_all!$F$4:$F$291,SYVbT_all!$A$4:$A$291,About!$B$2,SYVbT_all!$B$4:$B$291,$A4) -> 28 | F4: =SUMIFS(SYVbT_all!$G$4:$G$291,SYVbT_all!$A$4:$A$291,About!$B$2,SYVbT_all!$B$4:$B$291,$A4) -> 0 | G4: =SUMIFS(SYVbT_all!$H$4:$H$291,SYVbT_all!$A$4:$A$291,About!$B$2,SYVbT_all!$B$4:$B$291,$A4) -> 0 | H4: =SUMIFS(SYVbT_all!$I$4:$I$291,SYVbT_all!$A$4:$A$291,About!$B$2,SYVbT_all!$B$4:$B$291,$A4) -> 0
A5: rail | B5: =SUMIFS(SYVbT_all!$C$4:$C$291,SYVbT_all!$A$4:$A$291,About!$B$2,SYVbT_all!$B$4:$B$291,$A5) -> 4 | C5: =SUMIFS(SYVbT_all!$D$4:$D$291,SYVbT_all!$A$4:$A$291,About!$B$2,SYVbT_all!$B$4:$B$291,$A5) -> 0 | D5: =SUMIFS(SYVbT_all!$E$4:$E$291,SYVbT_all!$A$4:$A$291,About!$B$2,SYVbT_all!$B$4:$B$291,$A5) -> 0 | E5: =SUMIFS(SYVbT_all!$F$4:$F$291,SYVbT_all!$A$4:$A$291,About!$B$2,SYVbT_all!$B$4:$B$291,$A5) -> 0 | F5: =SUMIFS(SYVbT_all!$G$4:$G$291,SYVbT_all!$A$4:$A$291,About!$B$2,SYVbT_all!$B$4:$B$291,$A5) -> 0 | G5: =SUMIFS(SYVbT_all!$H$4:$H$291,SYVbT_all!$A$4:$A$291,About!$B$2,SYVbT_all!$B$4:$B$291,$A5) -> 0 | H5: =SUMIFS(SYVbT_all!$I$4:$I$291,SYVbT_all!$A$4:$A$291,About!$B$2,SYVbT_all!$B$4:$B$291,$A5) -> 0
A6: ships | B6: =SUMIFS(SYVbT_all!$C$4:$C$291,SYVbT_all!$A$4:$A$291,About!$B$2,SYVbT_all!$B$4:$B$291,$A6) -> 0 | C6: =SUMIFS(SYVbT_all!$D$4:$D$291,SYVbT_all!$A$4:$A$291,About!$B$2,SYVbT_all!$B$4:$B$291,$A6) -> 0 | D6: =SUMIFS(SYVbT_all!$E$4:$E$291,SYVbT_all!$A$4:$A$291,About!$B$2,SYVbT_all!$B$4:$B$291,$A6) -> 180719 | E6: =SUMIFS(SYVbT_all!$F$4:$F$291,SYVbT_all!$A$4:$A$291,About!$B$2,SYVbT_all!$B$4:$B$291,$A6) -> 44056 | F6: =SUMIFS(SYVbT_all!$G$4:$G$291,SYVbT_all!$A$4:$A$291,About!$B$2,SYVbT_all!$B$4:$B$291,$A6) -> 0 | G6: =SUMIFS(SYVbT_all!$H$4:$H$291,SYVbT_all!$A$4:$A$291,About!$B$2,SYVbT_all!$B$4:$B$291,$A6) -> 0 | H6: =SUMIFS(SYVbT_all!$I$4:$I$291,SYVbT_all!$A$4:$A$291,About!$B$2,SYVbT_all!$B$4:$B$291,$A6) -> 0
A7: motorbikes | B7: =SUMIFS(SYVbT_all!$C$4:$C$291,SYVbT_all!$A$4:$A$291,About!$B$2,SYVbT_all!$B$4:$B$291,$A7) -> 0 | C7: =SUMIFS(SYVbT_all!$D$4:$D$291,SYVbT_all!$A$4:$A$291,About!$B$2,SYVbT_all!$B$4:$B$291,$A7) -> 0 | D7: =SUMIFS(SYVbT_all!$E$4:$E$291,SYVbT_all!$A$4:$A$291,About!$B$2,SYVbT_all!$B$4:$B$291,$A7) -> 139387 | E7: =SUMIFS(SYVbT_all!$F$4:$F$291,SYVbT_all!$A$4:$A$291,About!$B$2,SYVbT_all!$B$4:$B$291,$A7) -> 0 | F7: =SUMIFS(SYVbT_all!$G$4:$G$291,SYVbT_all!$A$4:$A$291,About!$B$2,SYVbT_all!$B$4:$B$291,$A7) -> 0 | G7: =SUMIFS(SYVbT_all!$H$4:$H$291,SYVbT_all!$A$4:$A$291,About!$B$2,SYVbT_all!$B$4:$B$291,$A7) -> 0 | H7: =SUMIFS(SYVbT_all!$I$4:$I$291,SYVbT_all!$A$4:$A$291,About!$B$2,SYVbT_all!$B$4:$B$291,$A7) -> 0
A9: Active-state slice of SYVbT_all, driven by About!B2. Same layout as the US TTS workbook tab of this name, so Data!E52 (rail BEV shareweight = electric share of the passenger-rail stock) works unchanged -- wrapped in IFERROR for the states with no passenger rail at all.

Sheet Data
A1: We use sigmoidal interpolation for relatively new technologies (battery electric vehicles, natural gas vehicles, and | H1: Sigmoidal Curve Values for Vehicle Technologies (all except battery electric passenger LDVs) | N1: Sigmoidal Curve Values for battery electric passenger LDV Technologies | Q1: Sigmoidal Curve Values for battery electric freight HDV Technologies | T1: Sigmoidal Curve Values for PHEV passenger LDV Technologies | W1: Sigmoidal Curve Values for battery electric/PHEV passenger HDV and freight LDV Technologies
A2: plugin hybrid vehicles) and linear interpolation for other vehicle technologies. Technologies with constant values | H2: L | I2: 1 | N2: L | O2: 1 | Q2: L | R2: 1 | T2: L | U2: 1 | W2: L | X2: 1
A3: do not require interpolation. | H3: k | I3: -0.3 | N3: k | O3: -0.3 | P3: -0.35 | Q3: k | R3: -0.3 | T3: k | U3: -0.4 | W3: k | X3: -0.3
A4: The values (to the right) that define the shape of the sigmoidal curve are assumptions, which neatly approach the | H4: Xo | I4: -16 | N4: Xo | O4: -11 | P4: -10 | Q4: Xo | R4: -12 | T4: Xo | U4: -11 | W4: Xo | X4: -14
A5: specified 2050 max sales share with a flattening curve. (Of course, linear interpolation is similarly an assumption.)
E6: Max Potential Sales Share | F6: Max Potential Sales Share | G6: Interpolation Method
C7: Psgr LDVs only | E7: 2020 | F7: 2050
D8: 2024 and 2025 shareweights for onroad vehicle types copied/pasted from the Python solver outputs, explained on the About page | E8: 2025: all 7 weights come from Solve via About!B2. ZEV rows (BEV 10 / PHEV 14 / H2 16) are solved to the state's observed sales shares; fossil rows (12, 13, 11, 15) keep the frozen US ratios and share the rescale factor so max weight = 1. F12 tracks E12 so gasoline stays constant. Rows 80-86 mirror 10-16, so motorbikes inherit all of it. | G8: *for passenger LDVs only, see Assumptions page
A9: Vehicle Type | B9: Cargo Type | C9: Vehicle Technology | D9: 2024 | E9: 2025 | F9: 2050 | I9: 2024 | J9: =E9 -> 2025 | K9: =J9+1 -> 2026 | L9: =K9+1 -> 2027 | M9: =L9+1 -> 2028 | N9: =M9+1 -> 2029 | O9: =N9+1 -> 2030 | P9: =O9+1 -> 2031 | Q9: =P9+1 -> 2032 | R9: =Q9+1 -> 2033 | ... AI9: =AH9+1 -> 2050
A10: LDVs | B10: passenger | C10: battery electric vehicle | D10: 0.18218701 | E10: =INDEX(Solve!$AN$6:$AN$53,MATCH(About!$B$2,Solve!$A$6:$A$53,0)) -> 0.093934898 | F10: 1 | G10: =IF(E10=F10,"n/a",IF(OR(C10="battery electric vehicle",C10="natural gas vehicle",C10="plugin hybrid vehicle"),"s-curve","linear")) -> s-curve | I10: =D10 -> 0.18218701 | J10: =$E10 -> 0.093934898 | K10: =IF($G10="s-curve",$E10+($F10-$E10)*K$98,TREND($E10:$F10,$E$9:$F$9,K$9)) -> 0.10524545 | L10: =IF($G10="s-curve",$E10+($F10-$E10)*L$98,TREND($E10:$F10,$E$9:$F$9,L$9)) -> 0.12007929 | M10: =IF($G10="s-curve",$E10+($F10-$E10)*M$98,TREND($E10:$F10,$E$9:$F$9,M$9)) -> 0.13935147 | N10: =IF($G10="s-curve",$E10+($F10-$E10)*N$98,TREND($E10:$F10,$E$9:$F$9,N$9)) -> 0.16408566 | O10: =IF($G10="s-curve",$E10+($F10-$E10)*O$98,TREND($E10:$F10,$E$9:$F$9,O$9)) -> 0.19533647 | P10: =IF($G10="s-curve",$E10+($F10-$E10)*P$98,TREND($E10:$F10,$E$9:$F$9,P$9)) -> 0.23404854 | Q10: =IF($G10="s-curve",$E10+($F10-$E10)*Q$98,TREND($E10:$F10,$E$9:$F$9,Q$9)) -> 0.28084682 | R10: =IF($G10="s-curve",$E10+($F10-$E10)*R$98,TREND($E10:$F10,$E$9:$F$9,R$9)) -> 0.33577937 | ... AI10: =IF($G10="s-curve",$E10+($F10-$E10)*AI$98,TREND($E10:$F10,$E$9:$F$9,AI$9)) -> 1
C11: natural gas vehicle | D11: 0.00010699578 | E11: =INDEX(Solve!$AS$6:$AS$53,MATCH(About!$B$2,Solve!$A$6:$A$53,0)) -> 0.00010673201 | F11: =E11 -> 0.00010673201 | G11: =IF(E11=F11,"n/a",IF(OR(C11="battery electric vehicle",C11="natural gas vehicle",C11="plugin hybrid vehicle"),"s-curve","linear")) -> n/a | I11: =E11 -> 0.00010673201 | J11: =IF($G11="s-curve",$E11+($F11-$E11)*$I$2/(1+EXP($I$3*(COUNT($I$9:J$9)+$I$4))),TREND($E11:$F11,$E$9:$F$9,J$9)) -> 0.00010673201 | K11: =IF($G11="s-curve",$E11+($F11-$E11)*$I$2/(1+EXP($I$3*(COUNT($I$9:K$9)+$I$4))),TREND($E11:$F11,$E$9:$F$9,K$9)) -> 0.00010673201 | L11: =IF($G11="s-curve",$E11+($F11-$E11)*$I$2/(1+EXP($I$3*(COUNT($I$9:L$9)+$I$4))),TREND($E11:$F11,$E$9:$F$9,L$9)) -> 0.00010673201 | M11: =IF($G11="s-curve",$E11+($F11-$E11)*$I$2/(1+EXP($I$3*(COUNT($I$9:M$9)+$I$4))),TREND($E11:$F11,$E$9:$F$9,M$9)) -> 0.00010673201 | N11: =IF($G11="s-curve",$E11+($F11-$E11)*$I$2/(1+EXP($I$3*(COUNT($I$9:N$9)+$I$4))),TREND($E11:$F11,$E$9:$F$9,N$9)) -> 0.00010673201 | O11: =IF($G11="s-curve",$E11+($F11-$E11)*$I$2/(1+EXP($I$3*(COUNT($I$9:O$9)+$I$4))),TREND($E11:$F11,$E$9:$F$9,O$9)) -> 0.00010673201 | P11: =IF($G11="s-curve",$E11+($F11-$E11)*$I$2/(1+EXP($I$3*(COUNT($I$9:P$9)+$I$4))),TREND($E11:$F11,$E$9:$F$9,P$9)) -> 0.00010673201 | Q11: =IF($G11="s-curve",$E11+($F11-$E11)*$I$2/(1+EXP($I$3*(COUNT($I$9:Q$9)+$I$4))),TREND($E11:$F11,$E$9:$F$9,Q$9)) -> 0.00010673201 | ... AI11: =IF($G11="s-curve",$E11+($F11-$E11)*$I$2/(1+EXP($I$3*(COUNT($I$9:AI$9)+$I$4))),TREND($E11:$F11,$E$9:$F$9,AI$9)) -> 0.00010673201
C12: gasoline vehicle | D12: 1 | E12: =INDEX(Solve!$AQ$6:$AQ$53,MATCH(About!$B$2,Solve!$A$6:$A$53,0)) -> 1 | F12: =E12 -> 1 | G12: =IF(E12=F12,"n/a",IF(OR(C12="battery electric vehicle",C12="natural gas vehicle",C12="plugin hybrid vehicle"),"s-curve","linear")) -> n/a | I12: =E12 -> 1 | J12: =IF($G12="s-curve",$E12+($F12-$E12)*$I$2/(1+EXP($I$3*(COUNT($I$9:J$9)+$I$4))),TREND($E12:$F12,$E$9:$F$9,J$9)) -> 1 | K12: =IF($G12="s-curve",$E12+($F12-$E12)*$I$2/(1+EXP($I$3*(COUNT($I$9:K$9)+$I$4))),TREND($E12:$F12,$E$9:$F$9,K$9)) -> 1 | L12: =IF($G12="s-curve",$E12+($F12-$E12)*$I$2/(1+EXP($I$3*(COUNT($I$9:L$9)+$I$4))),TREND($E12:$F12,$E$9:$F$9,L$9)) -> 1 | M12: =IF($G12="s-curve",$E12+($F12-$E12)*$I$2/(1+EXP($I$3*(COUNT($I$9:M$9)+$I$4))),TREND($E12:$F12,$E$9:$F$9,M$9)) -> 1 | N12: =IF($G12="s-curve",$E12+($F12-$E12)*$I$2/(1+EXP($I$3*(COUNT($I$9:N$9)+$I$4))),TREND($E12:$F12,$E$9:$F$9,N$9)) -> 1 | O12: =IF($G12="s-curve",$E12+($F12-$E12)*$I$2/(1+EXP($I$3*(COUNT($I$9:O$9)+$I$4))),TREND($E12:$F12,$E$9:$F$9,O$9)) -> 1 | P12: =IF($G12="s-curve",$E12+($F12-$E12)*$I$2/(1+EXP($I$3*(COUNT($I$9:P$9)+$I$4))),TREND($E12:$F12,$E$9:$F$9,P$9)) -> 1 | Q12: =IF($G12="s-curve",$E12+($F12-$E12)*$I$2/(1+EXP($I$3*(COUNT($I$9:Q$9)+$I$4))),TREND($E12:$F12,$E$9:$F$9,Q$9)) -> 1 | ... AI12: =IF($G12="s-curve",$E12+($F12-$E12)*$I$2/(1+EXP($I$3*(COUNT($I$9:AI$9)+$I$4))),TREND($E12:$F12,$E$9:$F$9,AI$9)) -> 1
C13: diesel vehicle | D13: 0.068106756 | E13: =INDEX(Solve!$AR$6:$AR$53,MATCH(About!$B$2,Solve!$A$6:$A$53,0)) -> 0.067938858 | F13: =E13 -> 0.067938858 | G13: =IF(E13=F13,"n/a",IF(OR(C13="battery electric vehicle",C13="natural gas vehicle",C13="plugin hybrid vehicle"),"s-curve","linear")) -> n/a | I13: =E13 -> 0.067938858 | J13: =IF($G13="s-curve",$E13+($F13-$E13)*$I$2/(1+EXP($I$3*(COUNT($I$9:J$9)+$I$4))),TREND($E13:$F13,$E$9:$F$9,J$9)) -> 0.067938858 | K13: =IF($G13="s-curve",$E13+($F13-$E13)*$I$2/(1+EXP($I$3*(COUNT($I$9:K$9)+$I$4))),TREND($E13:$F13,$E$9:$F$9,K$9)) -> 0.067938858 | L13: =IF($G13="s-curve",$E13+($F13-$E13)*$I$2/(1+EXP($I$3*(COUNT($I$9:L$9)+$I$4))),TREND($E13:$F13,$E$9:$F$9,L$9)) -> 0.067938858 | M13: =IF($G13="s-curve",$E13+($F13-$E13)*$I$2/(1+EXP($I$3*(COUNT($I$9:M$9)+$I$4))),TREND($E13:$F13,$E$9:$F$9,M$9)) -> 0.067938858 | N13: =IF($G13="s-curve",$E13+($F13-$E13)*$I$2/(1+EXP($I$3*(COUNT($I$9:N$9)+$I$4))),TREND($E13:$F13,$E$9:$F$9,N$9)) -> 0.067938858 | O13: =IF($G13="s-curve",$E13+($F13-$E13)*$I$2/(1+EXP($I$3*(COUNT($I$9:O$9)+$I$4))),TREND($E13:$F13,$E$9:$F$9,O$9)) -> 0.067938858 | P13: =IF($G13="s-curve",$E13+($F13-$E13)*$I$2/(1+EXP($I$3*(COUNT($I$9:P$9)+$I$4))),TREND($E13:$F13,$E$9:$F$9,P$9)) -> 0.067938858 | Q13: =IF($G13="s-curve",$E13+($F13-$E13)*$I$2/(1+EXP($I$3*(COUNT($I$9:Q$9)+$I$4))),TREND($E13:$F13,$E$9:$F$9,Q$9)) -> 0.067938858 | ... AI13: =IF($G13="s-curve",$E13+($F13-$E13)*$I$2/(1+EXP($I$3*(COUNT($I$9:AI$9)+$I$4))),TREND($E13:$F13,$E$9:$F$9,AI$9)) -> 0.067938858
C14: plugin hybrid vehicle | D14: 0.016603972 | E14: =INDEX(Solve!$AO$6:$AO$53,MATCH(About!$B$2,Solve!$A$6:$A$53,0)) -> 0.010021685 | F14: =E14/E10*F10 -> 0.10668756 | G14: =IF(E14=F14,"n/a",IF(OR(C14="battery electric vehicle",C14="natural gas vehicle",C14="plugin hybrid vehicle",C14="hydrogen vehicle"),"s-curve","linear")) -> s-curve | I14: =D14 -> 0.016603972 | J14: =$E14 -> 0.010021685 | K14: =IF($G14="s-curve",$E14+($F14-$E14)*K$99,TREND($E14:$F14,$E$9:$F$9,K$9)) -> 0.01059703 | L14: =IF($G14="s-curve",$E14+($F14-$E14)*L$99,TREND($E14:$F14,$E$9:$F$9,L$9)) -> 0.011442772 | M14: =IF($G14="s-curve",$E14+($F14-$E14)*M$99,TREND($E14:$F14,$E$9:$F$9,M$9)) -> 0.01267726 | N14: =IF($G14="s-curve",$E14+($F14-$E14)*N$99,TREND($E14:$F14,$E$9:$F$9,N$9)) -> 0.014460765 | O14: =IF($G14="s-curve",$E14+($F14-$E14)*O$99,TREND($E14:$F14,$E$9:$F$9,O$9)) -> 0.01699958 | P14: =IF($G14="s-curve",$E14+($F14-$E14)*P$99,TREND($E14:$F14,$E$9:$F$9,P$9)) -> 0.020538432 | Q14: =IF($G14="s-curve",$E14+($F14-$E14)*Q$99,TREND($E14:$F14,$E$9:$F$9,Q$9)) -> 0.025329426 | R14: =IF($G14="s-curve",$E14+($F14-$E14)*R$99,TREND($E14:$F14,$E$9:$F$9,R$9)) -> 0.031565702 | ... AI14: =IF($G14="s-curve",$E14+($F14-$E14)*AI$99,TREND($E14:$F14,$E$9:$F$9,AI$9)) -> 0.10668756
C15: LPG vehicle | D15: 0 | E15: =INDEX(Solve!$AT$6:$AT$53,MATCH(About!$B$2,Solve!$A$6:$A$53,0)) -> 0 | F15: =E15 -> 0 | G15: =IF(E15=F15,"n/a",IF(OR(C15="battery electric vehicle",C15="natural gas vehicle",C15="plugin hybrid vehicle",C15="hydrogen vehicle"),"s-curve","linear")) -> n/a | I15: =E15 -> 0 | J15: =IF($G15="s-curve",$E15+($F15-$E15)*$I$2/(1+EXP($I$3*(COUNT($I$9:J$9)+$I$4))),TREND($E15:$F15,$E$9:$F$9,J$9)) -> 0 | K15: =IF($G15="s-curve",$E15+($F15-$E15)*$I$2/(1+EXP($I$3*(COUNT($I$9:K$9)+$I$4))),TREND($E15:$F15,$E$9:$F$9,K$9)) -> 0 | L15: =IF($G15="s-curve",$E15+($F15-$E15)*$I$2/(1+EXP($I$3*(COUNT($I$9:L$9)+$I$4))),TREND($E15:$F15,$E$9:$F$9,L$9)) -> 0 | M15: =IF($G15="s-curve",$E15+($F15-$E15)*$I$2/(1+EXP($I$3*(COUNT($I$9:M$9)+$I$4))),TREND($E15:$F15,$E$9:$F$9,M$9)) -> 0 | N15: =IF($G15="s-curve",$E15+($F15-$E15)*$I$2/(1+EXP($I$3*(COUNT($I$9:N$9)+$I$4))),TREND($E15:$F15,$E$9:$F$9,N$9)) -> 0 | O15: =IF($G15="s-curve",$E15+($F15-$E15)*$I$2/(1+EXP($I$3*(COUNT($I$9:O$9)+$I$4))),TREND($E15:$F15,$E$9:$F$9,O$9)) -> 0 | P15: =IF($G15="s-curve",$E15+($F15-$E15)*$I$2/(1+EXP($I$3*(COUNT($I$9:P$9)+$I$4))),TREND($E15:$F15,$E$9:$F$9,P$9)) -> 0 | Q15: =IF($G15="s-curve",$E15+($F15-$E15)*$I$2/(1+EXP($I$3*(COUNT($I$9:Q$9)+$I$4))),TREND($E15:$F15,$E$9:$F$9,Q$9)) -> 0 | ... AI15: =IF($G15="s-curve",$E15+($F15-$E15)*$I$2/(1+EXP($I$3*(COUNT($I$9:AI$9)+$I$4))),TREND($E15:$F15,$E$9:$F$9,AI$9)) -> 0
C16: hydrogen vehicle | D16: 0 | E16: =INDEX(Solve!$AP$6:$AP$53,MATCH(About!$B$2,Solve!$A$6:$A$53,0)) -> 0 | F16: =E16 -> 0 | G16: =IF(E16=F16,"n/a",IF(OR(C16="battery electric vehicle",C16="natural gas vehicle",C16="plugin hybrid vehicle",C16="hydrogen vehicle"),"s-curve","linear")) -> n/a | I16: =E16 -> 0 | J16: =IF($G16="s-curve",$E16+($F16-$E16)*$I$2/(1+EXP($I$3*(COUNT($I$9:J$9)+$I$4))),TREND($E16:$F16,$E$9:$F$9,J$9)) -> 0 | K16: =IF($G16="s-curve",$E16+($F16-$E16)*$I$2/(1+EXP($I$3*(COUNT($I$9:K$9)+$I$4))),TREND($E16:$F16,$E$9:$F$9,K$9)) -> 0 | L16: =IF($G16="s-curve",$E16+($F16-$E16)*$I$2/(1+EXP($I$3*(COUNT($I$9:L$9)+$I$4))),TREND($E16:$F16,$E$9:$F$9,L$9)) -> 0 | M16: =IF($G16="s-curve",$E16+($F16-$E16)*$I$2/(1+EXP($I$3*(COUNT($I$9:M$9)+$I$4))),TREND($E16:$F16,$E$9:$F$9,M$9)) -> 0 | N16: =IF($G16="s-curve",$E16+($F16-$E16)*$I$2/(1+EXP($I$3*(COUNT($I$9:N$9)+$I$4))),TREND($E16:$F16,$E$9:$F$9,N$9)) -> 0 | O16: =IF($G16="s-curve",$E16+($F16-$E16)*$I$2/(1+EXP($I$3*(COUNT($I$9:O$9)+$I$4))),TREND($E16:$F16,$E$9:$F$9,O$9)) -> 0 | P16: =IF($G16="s-curve",$E16+($F16-$E16)*$I$2/(1+EXP($I$3*(COUNT($I$9:P$9)+$I$4))),TREND($E16:$F16,$E$9:$F$9,P$9)) -> 0 | Q16: =IF($G16="s-curve",$E16+($F16-$E16)*$I$2/(1+EXP($I$3*(COUNT($I$9:Q$9)+$I$4))),TREND($E16:$F16,$E$9:$F$9,Q$9)) -> 0 | ... AI16: =IF($G16="s-curve",$E16+($F16-$E16)*$I$2/(1+EXP($I$3*(COUNT($I$9:AI$9)+$I$4))),TREND($E16:$F16,$E$9:$F$9,AI$9)) -> 0
A17: LDVs | B17: freight | C17: battery electric vehicle | D17: 0.30732944 | E17: 0.30732944 | F17: 0.3 | G17: =IF(E17=F17,"n/a",IF(OR(C17="battery electric vehicle",C17="natural gas vehicle",C17="plugin hybrid vehicle"),"s-curve","linear")) -> s-curve | I17: =D17 -> 0.30732944 | J17: =$E17 -> 0.30732944 | K17: =IF($G17="s-curve",$E17+($F17-$E17)*K$101,TREND($E17:$F17,$E$9:$F$9,K$9)) -> 0.30729034 | L17: =IF($G17="s-curve",$E17+($F17-$E17)*L$101,TREND($E17:$F17,$E$9:$F$9,L$9)) -> 0.30723819 | M17: =IF($G17="s-curve",$E17+($F17-$E17)*M$101,TREND($E17:$F17,$E$9:$F$9,M$9)) -> 0.30716893 | N17: =IF($G17="s-curve",$E17+($F17-$E17)*N$101,TREND($E17:$F17,$E$9:$F$9,N$9)) -> 0.30707744 | O17: =IF($G17="s-curve",$E17+($F17-$E17)*O$101,TREND($E17:$F17,$E$9:$F$9,O$9)) -> 0.30695744 | P17: =IF($G17="s-curve",$E17+($F17-$E17)*P$101,TREND($E17:$F17,$E$9:$F$9,P$9)) -> 0.30680154 | Q17: =IF($G17="s-curve",$E17+($F17-$E17)*Q$101,TREND($E17:$F17,$E$9:$F$9,Q$9)) -> 0.30660146 | R17: =IF($G17="s-curve",$E17+($F17-$E17)*R$101,TREND($E17:$F17,$E$9:$F$9,R$9)) -> 0.30634866 | ... AI17: =IF($G17="s-curve",$E17+($F17-$E17)*AI$101,TREND($E17:$F17,$E$9:$F$9,AI$9)) -> 0.3
C18: natural gas vehicle | D18: 0.59353215 | E18: 0.59353215 | F18: =E18 -> 0.59353215 | G18: linear | I18: =D18 -> 0.59353215 | J18: =E18 -> 0.59353215 | K18: =IF($G18="s-curve",$E18+($F18-$E18)*$I$2/(1+EXP($I$3*(COUNT($I$9:K$9)+$I$4))),TREND($E18:$F18,$E$9:$F$9,K$9)) -> 0.59353215 | L18: =IF($G18="s-curve",$E18+($F18-$E18)*$I$2/(1+EXP($I$3*(COUNT($I$9:L$9)+$I$4))),TREND($E18:$F18,$E$9:$F$9,L$9)) -> 0.59353215 | M18: =IF($G18="s-curve",$E18+($F18-$E18)*$I$2/(1+EXP($I$3*(COUNT($I$9:M$9)+$I$4))),TREND($E18:$F18,$E$9:$F$9,M$9)) -> 0.59353215 | N18: =IF($G18="s-curve",$E18+($F18-$E18)*$I$2/(1+EXP($I$3*(COUNT($I$9:N$9)+$I$4))),TREND($E18:$F18,$E$9:$F$9,N$9)) -> 0.59353215 | O18: =IF($G18="s-curve",$E18+($F18-$E18)*$I$2/(1+EXP($I$3*(COUNT($I$9:O$9)+$I$4))),TREND($E18:$F18,$E$9:$F$9,O$9)) -> 0.59353215 | P18: =IF($G18="s-curve",$E18+($F18-$E18)*$I$2/(1+EXP($I$3*(COUNT($I$9:P$9)+$I$4))),TREND($E18:$F18,$E$9:$F$9,P$9)) -> 0.59353215 | Q18: =IF($G18="s-curve",$E18+($F18-$E18)*$I$2/(1+EXP($I$3*(COUNT($I$9:Q$9)+$I$4))),TREND($E18:$F18,$E$9:$F$9,Q$9)) -> 0.59353215 | R18: =IF($G18="s-curve",$E18+($F18-$E18)*$I$2/(1+EXP($I$3*(COUNT($I$9:R$9)+$I$4))),TREND($E18:$F18,$E$9:$F$9,R$9)) -> 0.59353215 | ... AI18: =IF($G18="s-curve",$E18+($F18-$E18)*$I$2/(1+EXP($I$3*(COUNT($I$9:AI$9)+$I$4))),TREND($E18:$F18,$E$9:$F$9,AI$9)) -> 0.59353215
C19: gasoline vehicle | D19: 0.97401567 | E19: 0.97401567 | F19: =E19 -> 0.97401567 | G19: =IF(E19=F19,"n/a",IF(OR(C19="battery electric vehicle",C19="natural gas vehicle",C19="plugin hybrid vehicle"),"s-curve","linear")) -> n/a | I19: =D19 -> 0.97401567 | J19: =E19 -> 0.97401567 | K19: =IF($G19="s-curve",$E19+($F19-$E19)*$I$2/(1+EXP($I$3*(COUNT($I$9:K$9)+$I$4))),TREND($E19:$F19,$E$9:$F$9,K$9)) -> 0.97401567 | L19: =IF($G19="s-curve",$E19+($F19-$E19)*$I$2/(1+EXP($I$3*(COUNT($I$9:L$9)+$I$4))),TREND($E19:$F19,$E$9:$F$9,L$9)) -> 0.97401567 | M19: =IF($G19="s-curve",$E19+($F19-$E19)*$I$2/(1+EXP($I$3*(COUNT($I$9:M$9)+$I$4))),TREND($E19:$F19,$E$9:$F$9,M$9)) -> 0.97401567 | N19: =IF($G19="s-curve",$E19+($F19-$E19)*$I$2/(1+EXP($I$3*(COUNT($I$9:N$9)+$I$4))),TREND($E19:$F19,$E$9:$F$9,N$9)) -> 0.97401567 | O19: =IF($G19="s-curve",$E19+($F19-$E19)*$I$2/(1+EXP($I$3*(COUNT($I$9:O$9)+$I$4))),TREND($E19:$F19,$E$9:$F$9,O$9)) -> 0.97401567 | P19: =IF($G19="s-curve",$E19+($F19-$E19)*$I$2/(1+EXP($I$3*(COUNT($I$9:P$9)+$I$4))),TREND($E19:$F19,$E$9:$F$9,P$9)) -> 0.97401567 | Q19: =IF($G19="s-curve",$E19+($F19-$E19)*$I$2/(1+EXP($I$3*(COUNT($I$9:Q$9)+$I$4))),TREND($E19:$F19,$E$9:$F$9,Q$9)) -> 0.97401567 | R19: =IF($G19="s-curve",$E19+($F19-$E19)*$I$2/(1+EXP($I$3*(COUNT($I$9:R$9)+$I$4))),TREND($E19:$F19,$E$9:$F$9,R$9)) -> 0.97401567 | ... AI19: =IF($G19="s-curve",$E19+($F19-$E19)*$I$2/(1+EXP($I$3*(COUNT($I$9:AI$9)+$I$4))),TREND($E19:$F19,$E$9:$F$9,AI$9)) -> 0.97401567
C20: diesel vehicle | D20: 1 | E20: 1 | F20: 1 | G20: =IF(E20=F20,"n/a",IF(OR(C20="battery electric vehicle",C20="natural gas vehicle",C20="plugin hybrid vehicle"),"s-curve","linear")) -> n/a | I20: =D20 -> 1 | J20: =E20 -> 1 | K20: =IF($G20="s-curve",$E20+($F20-$E20)*$I$2/(1+EXP($I$3*(COUNT($I$9:K$9)+$I$4))),TREND($E20:$F20,$E$9:$F$9,K$9)) -> 1 | L20: =IF($G20="s-curve",$E20+($F20-$E20)*$I$2/(1+EXP($I$3*(COUNT($I$9:L$9)+$I$4))),TREND($E20:$F20,$E$9:$F$9,L$9)) -> 1 | M20: =IF($G20="s-curve",$E20+($F20-$E20)*$I$2/(1+EXP($I$3*(COUNT($I$9:M$9)+$I$4))),TREND($E20:$F20,$E$9:$F$9,M$9)) -> 1 | N20: =IF($G20="s-curve",$E20+($F20-$E20)*$I$2/(1+EXP($I$3*(COUNT($I$9:N$9)+$I$4))),TREND($E20:$F20,$E$9:$F$9,N$9)) -> 1 | O20: =IF($G20="s-curve",$E20+($F20-$E20)*$I$2/(1+EXP($I$3*(COUNT($I$9:O$9)+$I$4))),TREND($E20:$F20,$E$9:$F$9,O$9)) -> 1 | P20: =IF($G20="s-curve",$E20+($F20-$E20)*$I$2/(1+EXP($I$3*(COUNT($I$9:P$9)+$I$4))),TREND($E20:$F20,$E$9:$F$9,P$9)) -> 1 | Q20: =IF($G20="s-curve",$E20+($F20-$E20)*$I$2/(1+EXP($I$3*(COUNT($I$9:Q$9)+$I$4))),TREND($E20:$F20,$E$9:$F$9,Q$9)) -> 1 | R20: =IF($G20="s-curve",$E20+($F20-$E20)*$I$2/(1+EXP($I$3*(COUNT($I$9:R$9)+$I$4))),TREND($E20:$F20,$E$9:$F$9,R$9)) -> 1 | ... AI20: =IF($G20="s-curve",$E20+($F20-$E20)*$I$2/(1+EXP($I$3*(COUNT($I$9:AI$9)+$I$4))),TREND($E20:$F20,$E$9:$F$9,AI$9)) -> 1
C21: plugin hybrid vehicle | D21: 0.0010330001 | E21: 0.0010330001 | F21: =E21/E17*F17 -> 0.0010083643 | G21: s-curve | I21: =D21 -> 0.0010330001 | J21: =$E21 -> 0.0010330001 | K21: =IF($G21="s-curve",$E21+($F21-$E21)*K$101,TREND($E21:$F21,$E$9:$F$9,K$9)) -> 0.0010328687 | L21: =IF($G21="s-curve",$E21+($F21-$E21)*L$101,TREND($E21:$F21,$E$9:$F$9,L$9)) -> 0.0010326934 | M21: =IF($G21="s-curve",$E21+($F21-$E21)*M$101,TREND($E21:$F21,$E$9:$F$9,M$9)) -> 0.0010324606 | N21: =IF($G21="s-curve",$E21+($F21-$E21)*N$101,TREND($E21:$F21,$E$9:$F$9,N$9)) -> 0.001032153 | O21: =IF($G21="s-curve",$E21+($F21-$E21)*O$101,TREND($E21:$F21,$E$9:$F$9,O$9)) -> 0.0010317497 | P21: =IF($G21="s-curve",$E21+($F21-$E21)*P$101,TREND($E21:$F21,$E$9:$F$9,P$9)) -> 0.0010312257 | Q21: =IF($G21="s-curve",$E21+($F21-$E21)*Q$101,TREND($E21:$F21,$E$9:$F$9,Q$9)) -> 0.0010305532 | R21: =IF($G21="s-curve",$E21+($F21-$E21)*R$101,TREND($E21:$F21,$E$9:$F$9,R$9)) -> 0.0010297035 | ... AI21: =IF($G21="s-curve",$E21+($F21-$E21)*AI$101,TREND($E21:$F21,$E$9:$F$9,AI$9)) -> 0.0010083643
C22: LPG vehicle | D22: 0.0013472786 | E22: 0.0013472786 | F22: =E22 -> 0.0013472786 | G22: =IF(E22=F22,"n/a",IF(OR(C22="battery electric vehicle",C22="natural gas vehicle",C22="plugin hybrid vehicle",C22="hydrogen vehicle"),"s-curve","linear")) -> n/a | I22: =D22 -> 0.0013472786 | J22: =E22 -> 0.0013472786 | K22: =IF($G22="s-curve",$E22+($F22-$E22)*$I$2/(1+EXP($I$3*(COUNT($I$9:K$9)+$I$4))),TREND($E22:$F22,$E$9:$F$9,K$9)) -> 0.0013472786 | L22: =IF($G22="s-curve",$E22+($F22-$E22)*$I$2/(1+EXP($I$3*(COUNT($I$9:L$9)+$I$4))),TREND($E22:$F22,$E$9:$F$9,L$9)) -> 0.0013472786 | M22: =IF($G22="s-curve",$E22+($F22-$E22)*$I$2/(1+EXP($I$3*(COUNT($I$9:M$9)+$I$4))),TREND($E22:$F22,$E$9:$F$9,M$9)) -> 0.0013472786 | N22: =IF($G22="s-curve",$E22+($F22-$E22)*$I$2/(1+EXP($I$3*(COUNT($I$9:N$9)+$I$4))),TREND($E22:$F22,$E$9:$F$9,N$9)) -> 0.0013472786 | O22: =IF($G22="s-curve",$E22+($F22-$E22)*$I$2/(1+EXP($I$3*(COUNT($I$9:O$9)+$I$4))),TREND($E22:$F22,$E$9:$F$9,O$9)) -> 0.0013472786 | P22: =IF($G22="s-curve",$E22+($F22-$E22)*$I$2/(1+EXP($I$3*(COUNT($I$9:P$9)+$I$4))),TREND($E22:$F22,$E$9:$F$9,P$9)) -> 0.0013472786 | Q22: =IF($G22="s-curve",$E22+($F22-$E22)*$I$2/(1+EXP($I$3*(COUNT($I$9:Q$9)+$I$4))),TREND($E22:$F22,$E$9:$F$9,Q$9)) -> 0.0013472786 | R22: =IF($G22="s-curve",$E22+($F22-$E22)*$I$2/(1+EXP($I$3*(COUNT($I$9:R$9)+$I$4))),TREND($E22:$F22,$E$9:$F$9,R$9)) -> 0.0013472786 | ... AI22: =IF($G22="s-curve",$E22+($F22-$E22)*$I$2/(1+EXP($I$3*(COUNT($I$9:AI$9)+$I$4))),TREND($E22:$F22,$E$9:$F$9,AI$9)) -> 0.0013472786
C23: hydrogen vehicle | D23: 0 | E23: 0 | F23: =E23 -> 0 | G23: =IF(E23=F23,"n/a",IF(OR(C23="battery electric vehicle",C23="natural gas vehicle",C23="plugin hybrid vehicle",C23="hydrogen vehicle"),"s-curve","linear")) -> n/a | I23: =D23 -> 0 | J23: =E23 -> 0 | K23: =IF($G23="s-curve",$E23+($F23-$E23)*$I$2/(1+EXP($I$3*(COUNT($I$9:K$9)+$I$4))),TREND($E23:$F23,$E$9:$F$9,K$9)) -> 0 | L23: =IF($G23="s-curve",$E23+($F23-$E23)*$I$2/(1+EXP($I$3*(COUNT($I$9:L$9)+$I$4))),TREND($E23:$F23,$E$9:$F$9,L$9)) -> 0 | M23: =IF($G23="s-curve",$E23+($F23-$E23)*$I$2/(1+EXP($I$3*(COUNT($I$9:M$9)+$I$4))),TREND($E23:$F23,$E$9:$F$9,M$9)) -> 0 | N23: =IF($G23="s-curve",$E23+($F23-$E23)*$I$2/(1+EXP($I$3*(COUNT($I$9:N$9)+$I$4))),TREND($E23:$F23,$E$9:$F$9,N$9)) -> 0 | O23: =IF($G23="s-curve",$E23+($F23-$E23)*$I$2/(1+EXP($I$3*(COUNT($I$9:O$9)+$I$4))),TREND($E23:$F23,$E$9:$F$9,O$9)) -> 0 | P23: =IF($G23="s-curve",$E23+($F23-$E23)*$I$2/(1+EXP($I$3*(COUNT($I$9:P$9)+$I$4))),TREND($E23:$F23,$E$9:$F$9,P$9)) -> 0 | Q23: =IF($G23="s-curve",$E23+($F23-$E23)*$I$2/(1+EXP($I$3*(COUNT($I$9:Q$9)+$I$4))),TREND($E23:$F23,$E$9:$F$9,Q$9)) -> 0 | R23: =IF($G23="s-curve",$E23+($F23-$E23)*$I$2/(1+EXP($I$3*(COUNT($I$9:R$9)+$I$4))),TREND($E23:$F23,$E$9:$F$9,R$9)) -> 0 | ... AI23: =IF($G23="s-curve",$E23+($F23-$E23)*$I$2/(1+EXP($I$3*(COUNT($I$9:AI$9)+$I$4))),TREND($E23:$F23,$E$9:$F$9,AI$9)) -> 0
A24: HDVs | B24: passenger | C24: battery electric vehicle | D24: 0.12076367 | E24: 0.12076367 | F24: 0.75 | G24: =IF(E24=F24,"n/a",IF(OR(C24="battery electric vehicle",C24="natural gas vehicle",C24="plugin hybrid vehicle"),"s-curve","linear")) -> s-curve | I24: =D24 -> 0.12076367 | J24: =$E24 -> 0.12076367 | K24: =IF($G24="s-curve",$E24+($F24-$E24)*K$101,TREND($E24:$F24,$E$9:$F$9,K$9)) -> 0.12412056 | L24: =IF($G24="s-curve",$E24+($F24-$E24)*L$101,TREND($E24:$F24,$E$9:$F$9,L$9)) -> 0.12859751 | M24: =IF($G24="s-curve",$E24+($F24-$E24)*M$101,TREND($E24:$F24,$E$9:$F$9,M$9)) -> 0.13454376 | N24: =IF($G24="s-curve",$E24+($F24-$E24)*N$101,TREND($E24:$F24,$E$9:$F$9,N$9)) -> 0.14239861 | O24: =IF($G24="s-curve",$E24+($F24-$E24)*O$101,TREND($E24:$F24,$E$9:$F$9,O$9)) -> 0.15270029 | P24: =IF($G24="s-curve",$E24+($F24-$E24)*P$101,TREND($E24:$F24,$E$9:$F$9,P$9)) -> 0.16608427 | Q24: =IF($G24="s-curve",$E24+($F24-$E24)*Q$101,TREND($E24:$F24,$E$9:$F$9,Q$9)) -> 0.18326146 | R24: =IF($G24="s-curve",$E24+($F24-$E24)*R$101,TREND($E24:$F24,$E$9:$F$9,R$9)) -> 0.20496426 | ... AI24: =IF($G24="s-curve",$E24+($F24-$E24)*AI$101,TREND($E24:$F24,$E$9:$F$9,AI$9)) -> 0.75
C25: natural gas vehicle | D25: 0.01531743 | E25: 0.01531743 | F25: =E25 -> 0.01531743 | G25: =IF(E25=F25,"n/a",IF(OR(C25="battery electric vehicle",C25="natural gas vehicle",C25="plugin hybrid vehicle"),"s-curve","linear")) -> n/a | I25: =D25 -> 0.01531743 | J25: =E25 -> 0.01531743 | K25: =IF($G25="s-curve",$E25+($F25-$E25)*$I$2/(1+EXP($I$3*(COUNT($I$9:K$9)+$I$4))),TREND($E25:$F25,$E$9:$F$9,K$9)) -> 0.01531743 | L25: =IF($G25="s-curve",$E25+($F25-$E25)*$I$2/(1+EXP($I$3*(COUNT($I$9:L$9)+$I$4))),TREND($E25:$F25,$E$9:$F$9,L$9)) -> 0.01531743 | M25: =IF($G25="s-curve",$E25+($F25-$E25)*$I$2/(1+EXP($I$3*(COUNT($I$9:M$9)+$I$4))),TREND($E25:$F25,$E$9:$F$9,M$9)) -> 0.01531743 | N25: =IF($G25="s-curve",$E25+($F25-$E25)*$I$2/(1+EXP($I$3*(COUNT($I$9:N$9)+$I$4))),TREND($E25:$F25,$E$9:$F$9,N$9)) -> 0.01531743 | O25: =IF($G25="s-curve",$E25+($F25-$E25)*$I$2/(1+EXP($I$3*(COUNT($I$9:O$9)+$I$4))),TREND($E25:$F25,$E$9:$F$9,O$9)) -> 0.01531743 | P25: =IF($G25="s-curve",$E25+($F25-$E25)*$I$2/(1+EXP($I$3*(COUNT($I$9:P$9)+$I$4))),TREND($E25:$F25,$E$9:$F$9,P$9)) -> 0.01531743 | Q25: =IF($G25="s-curve",$E25+($F25-$E25)*$I$2/(1+EXP($I$3*(COUNT($I$9:Q$9)+$I$4))),TREND($E25:$F25,$E$9:$F$9,Q$9)) -> 0.01531743 | R25: =IF($G25="s-curve",$E25+($F25-$E25)*$I$2/(1+EXP($I$3*(COUNT($I$9:R$9)+$I$4))),TREND($E25:$F25,$E$9:$F$9,R$9)) -> 0.01531743 | ... AI25: =IF($G25="s-curve",$E25+($F25-$E25)*$I$2/(1+EXP($I$3*(COUNT($I$9:AI$9)+$I$4))),TREND($E25:$F25,$E$9:$F$9,AI$9)) -> 0.01531743
C26: gasoline vehicle | D26: 0.38138758 | E26: 0.38138758 | F26: =E26 -> 0.38138758 | G26: =IF(E26=F26,"n/a",IF(OR(C26="battery electric vehicle",C26="natural gas vehicle",C26="plugin hybrid vehicle"),"s-curve","linear")) -> n/a | I26: =D26 -> 0.38138758 | J26: =E26 -> 0.38138758 | K26: =IF($G26="s-curve",$E26+($F26-$E26)*$I$2/(1+EXP($I$3*(COUNT($I$9:K$9)+$I$4))),TREND($E26:$F26,$E$9:$F$9,K$9)) -> 0.38138758 | L26: =IF($G26="s-curve",$E26+($F26-$E26)*$I$2/(1+EXP($I$3*(COUNT($I$9:L$9)+$I$4))),TREND($E26:$F26,$E$9:$F$9,L$9)) -> 0.38138758 | M26: =IF($G26="s-curve",$E26+($F26-$E26)*$I$2/(1+EXP($I$3*(COUNT($I$9:M$9)+$I$4))),TREND($E26:$F26,$E$9:$F$9,M$9)) -> 0.38138758 | N26: =IF($G26="s-curve",$E26+($F26-$E26)*$I$2/(1+EXP($I$3*(COUNT($I$9:N$9)+$I$4))),TREND($E26:$F26,$E$9:$F$9,N$9)) -> 0.38138758 | O26: =IF($G26="s-curve",$E26+($F26-$E26)*$I$2/(1+EXP($I$3*(COUNT($I$9:O$9)+$I$4))),TREND($E26:$F26,$E$9:$F$9,O$9)) -> 0.38138758 | P26: =IF($G26="s-curve",$E26+($F26-$E26)*$I$2/(1+EXP($I$3*(COUNT($I$9:P$9)+$I$4))),TREND($E26:$F26,$E$9:$F$9,P$9)) -> 0.38138758 | Q26: =IF($G26="s-curve",$E26+($F26-$E26)*$I$2/(1+EXP($I$3*(COUNT($I$9:Q$9)+$I$4))),TREND($E26:$F26,$E$9:$F$9,Q$9)) -> 0.38138758 | R26: =IF($G26="s-curve",$E26+($F26-$E26)*$I$2/(1+EXP($I$3*(COUNT($I$9:R$9)+$I$4))),TREND($E26:$F26,$E$9:$F$9,R$9)) -> 0.38138758 | ... AI26: =IF($G26="s-curve",$E26+($F26-$E26)*$I$2/(1+EXP($I$3*(COUNT($I$9:AI$9)+$I$4))),TREND($E26:$F26,$E$9:$F$9,AI$9)) -> 0.38138758
C27: diesel vehicle | D27: 1 | E27: 1 | F27: 1 | G27: =IF(E27=F27,"n/a",IF(OR(C27="battery electric vehicle",C27="natural gas vehicle",C27="plugin hybrid vehicle"),"s-curve","linear")) -> n/a | I27: =D27 -> 1 | J27: =E27 -> 1 | K27: =IF($G27="s-curve",$E27+($F27-$E27)*$I$2/(1+EXP($I$3*(COUNT($I$9:K$9)+$I$4))),TREND($E27:$F27,$E$9:$F$9,K$9)) -> 1 | L27: =IF($G27="s-curve",$E27+($F27-$E27)*$I$2/(1+EXP($I$3*(COUNT($I$9:L$9)+$I$4))),TREND($E27:$F27,$E$9:$F$9,L$9)) -> 1 | M27: =IF($G27="s-curve",$E27+($F27-$E27)*$I$2/(1+EXP($I$3*(COUNT($I$9:M$9)+$I$4))),TREND($E27:$F27,$E$9:$F$9,M$9)) -> 1 | N27: =IF($G27="s-curve",$E27+($F27-$E27)*$I$2/(1+EXP($I$3*(COUNT($I$9:N$9)+$I$4))),TREND($E27:$F27,$E$9:$F$9,N$9)) -> 1 | O27: =IF($G27="s-curve",$E27+($F27-$E27)*$I$2/(1+EXP($I$3*(COUNT($I$9:O$9)+$I$4))),TREND($E27:$F27,$E$9:$F$9,O$9)) -> 1 | P27: =IF($G27="s-curve",$E27+($F27-$E27)*$I$2/(1+EXP($I$3*(COUNT($I$9:P$9)+$I$4))),TREND($E27:$F27,$E$9:$F$9,P$9)) -> 1 | Q27: =IF($G27="s-curve",$E27+($F27-$E27)*$I$2/(1+EXP($I$3*(COUNT($I$9:Q$9)+$I$4))),TREND($E27:$F27,$E$9:$F$9,Q$9)) -> 1 | R27: =IF($G27="s-curve",$E27+($F27-$E27)*$I$2/(1+EXP($I$3*(COUNT($I$9:R$9)+$I$4))),TREND($E27:$F27,$E$9:$F$9,R$9)) -> 1 | ... AI27: =IF($G27="s-curve",$E27+($F27-$E27)*$I$2/(1+EXP($I$3*(COUNT($I$9:AI$9)+$I$4))),TREND($E27:$F27,$E$9:$F$9,AI$9)) -> 1
C28: plugin hybrid vehicle | D28: 0 | E28: 0 | F28: =E28 -> 0 | G28: =IF(E28=F28,"n/a",IF(OR(C28="battery electric vehicle",C28="natural gas vehicle",C28="plugin hybrid vehicle"),"s-curve","linear")) -> n/a | I28: =D28 -> 0 | J28: =E28 -> 0 | K28: =IF($G28="s-curve",$E28+($F28-$E28)*$I$2/(1+EXP($I$3*(COUNT($I$9:K$9)+$I$4))),TREND($E28:$F28,$E$9:$F$9,K$9)) -> 0 | L28: =IF($G28="s-curve",$E28+($F28-$E28)*$I$2/(1+EXP($I$3*(COUNT($I$9:L$9)+$I$4))),TREND($E28:$F28,$E$9:$F$9,L$9)) -> 0 | M28: =IF($G28="s-curve",$E28+($F28-$E28)*$I$2/(1+EXP($I$3*(COUNT($I$9:M$9)+$I$4))),TREND($E28:$F28,$E$9:$F$9,M$9)) -> 0 | N28: =IF($G28="s-curve",$E28+($F28-$E28)*$I$2/(1+EXP($I$3*(COUNT($I$9:N$9)+$I$4))),TREND($E28:$F28,$E$9:$F$9,N$9)) -> 0 | O28: =IF($G28="s-curve",$E28+($F28-$E28)*$I$2/(1+EXP($I$3*(COUNT($I$9:O$9)+$I$4))),TREND($E28:$F28,$E$9:$F$9,O$9)) -> 0 | P28: =IF($G28="s-curve",$E28+($F28-$E28)*$I$2/(1+EXP($I$3*(COUNT($I$9:P$9)+$I$4))),TREND($E28:$F28,$E$9:$F$9,P$9)) -> 0 | Q28: =IF($G28="s-curve",$E28+($F28-$E28)*$I$2/(1+EXP($I$3*(COUNT($I$9:Q$9)+$I$4))),TREND($E28:$F28,$E$9:$F$9,Q$9)) -> 0 | R28: =IF($G28="s-curve",$E28+($F28-$E28)*$I$2/(1+EXP($I$3*(COUNT($I$9:R$9)+$I$4))),TREND($E28:$F28,$E$9:$F$9,R$9)) -> 0 | ... AI28: =IF($G28="s-curve",$E28+($F28-$E28)*$I$2/(1+EXP($I$3*(COUNT($I$9:AI$9)+$I$4))),TREND($E28:$F28,$E$9:$F$9,AI$9)) -> 0
C29: LPG vehicle | D29: 0.055226932 | E29: 0.055226932 | F29: =E29 -> 0.055226932 | G29: =IF(E29=F29,"n/a",IF(OR(C29="battery electric vehicle",C29="natural gas vehicle",C29="plugin hybrid vehicle",C29="hydrogen vehicle"),"s-curve","linear")) -> n/a | I29: =D29 -> 0.055226932 | J29: =E29 -> 0.055226932 | K29: =IF($G29="s-curve",$E29+($F29-$E29)*$I$2/(1+EXP($I$3*(COUNT($I$9:K$9)+$I$4))),TREND($E29:$F29,$E$9:$F$9,K$9)) -> 0.055226932 | L29: =IF($G29="s-curve",$E29+($F29-$E29)*$I$2/(1+EXP($I$3*(COUNT($I$9:L$9)+$I$4))),TREND($E29:$F29,$E$9:$F$9,L$9)) -> 0.055226932 | M29: =IF($G29="s-curve",$E29+($F29-$E29)*$I$2/(1+EXP($I$3*(COUNT($I$9:M$9)+$I$4))),TREND($E29:$F29,$E$9:$F$9,M$9)) -> 0.055226932 | N29: =IF($G29="s-curve",$E29+($F29-$E29)*$I$2/(1+EXP($I$3*(COUNT($I$9:N$9)+$I$4))),TREND($E29:$F29,$E$9:$F$9,N$9)) -> 0.055226932 | O29: =IF($G29="s-curve",$E29+($F29-$E29)*$I$2/(1+EXP($I$3*(COUNT($I$9:O$9)+$I$4))),TREND($E29:$F29,$E$9:$F$9,O$9)) -> 0.055226932 | P29: =IF($G29="s-curve",$E29+($F29-$E29)*$I$2/(1+EXP($I$3*(COUNT($I$9:P$9)+$I$4))),TREND($E29:$F29,$E$9:$F$9,P$9)) -> 0.055226932 | Q29: =IF($G29="s-curve",$E29+($F29-$E29)*$I$2/(1+EXP($I$3*(COUNT($I$9:Q$9)+$I$4))),TREND($E29:$F29,$E$9:$F$9,Q$9)) -> 0.055226932 | R29: =IF($G29="s-curve",$E29+($F29-$E29)*$I$2/(1+EXP($I$3*(COUNT($I$9:R$9)+$I$4))),TREND($E29:$F29,$E$9:$F$9,R$9)) -> 0.055226932 | ... AI29: =IF($G29="s-curve",$E29+($F29-$E29)*$I$2/(1+EXP($I$3*(COUNT($I$9:AI$9)+$I$4))),TREND($E29:$F29,$E$9:$F$9,AI$9)) -> 0.055226932
C30: hydrogen vehicle | D30: 0.002002639 | E30: 0.002002639 | F30: =E30 -> 0.002002639 | G30: =IF(E30=F30,"n/a",IF(OR(C30="battery electric vehicle",C30="natural gas vehicle",C30="plugin hybrid vehicle",C30="hydrogen vehicle"),"s-curve","linear")) -> n/a | I30: =D30 -> 0.002002639 | J30: =E30 -> 0.002002639 | K30: =IF($G30="s-curve",$E30+($F30-$E30)*$I$2/(1+EXP($I$3*(COUNT($I$9:K$9)+$I$4))),TREND($E30:$F30,$E$9:$F$9,K$9)) -> 0.002002639 | L30: =IF($G30="s-curve",$E30+($F30-$E30)*$I$2/(1+EXP($I$3*(COUNT($I$9:L$9)+$I$4))),TREND($E30:$F30,$E$9:$F$9,L$9)) -> 0.002002639 | M30: =IF($G30="s-curve",$E30+($F30-$E30)*$I$2/(1+EXP($I$3*(COUNT($I$9:M$9)+$I$4))),TREND($E30:$F30,$E$9:$F$9,M$9)) -> 0.002002639 | N30: =IF($G30="s-curve",$E30+($F30-$E30)*$I$2/(1+EXP($I$3*(COUNT($I$9:N$9)+$I$4))),TREND($E30:$F30,$E$9:$F$9,N$9)) -> 0.002002639 | O30: =IF($G30="s-curve",$E30+($F30-$E30)*$I$2/(1+EXP($I$3*(COUNT($I$9:O$9)+$I$4))),TREND($E30:$F30,$E$9:$F$9,O$9)) -> 0.002002639 | P30: =IF($G30="s-curve",$E30+($F30-$E30)*$I$2/(1+EXP($I$3*(COUNT($I$9:P$9)+$I$4))),TREND($E30:$F30,$E$9:$F$9,P$9)) -> 0.002002639 | Q30: =IF($G30="s-curve",$E30+($F30-$E30)*$I$2/(1+EXP($I$3*(COUNT($I$9:Q$9)+$I$4))),TREND($E30:$F30,$E$9:$F$9,Q$9)) -> 0.002002639 | R30: =IF($G30="s-curve",$E30+($F30-$E30)*$I$2/(1+EXP($I$3*(COUNT($I$9:R$9)+$I$4))),TREND($E30:$F30,$E$9:$F$9,R$9)) -> 0.002002639 | ... AI30: =IF($G30="s-curve",$E30+($F30-$E30)*$I$2/(1+EXP($I$3*(COUNT($I$9:AI$9)+$I$4))),TREND($E30:$F30,$E$9:$F$9,AI$9)) -> 0.002002639
A31: HDVs | B31: freight | C31: battery electric vehicle | D31: 0.0049483952 | E31: 0.0049483952 | F31: 0.25 | G31: =IF(E31=F31,"n/a",IF(OR(C31="battery electric vehicle",C31="natural gas vehicle",C31="plugin hybrid vehicle"),"s-curve","linear")) -> s-curve | I31: =D31 -> 0.0049483952 | J31: =$E31 -> 0.0049483952 | K31: =IF($G31="s-curve",$E31+($F31-$E31)*K$100,TREND($E31:$F31,$E$9:$F$9,K$9)) -> 0.0072546317 | L31: =IF($G31="s-curve",$E31+($F31-$E31)*L$100,TREND($E31:$F31,$E$9:$F$9,L$9)) -> 0.010301111 | M31: =IF($G31="s-curve",$E31+($F31-$E31)*M$100,TREND($E31:$F31,$E$9:$F$9,M$9)) -> 0.014296586 | N31: =IF($G31="s-curve",$E31+($F31-$E31)*N$100,TREND($E31:$F31,$E$9:$F$9,N$9)) -> 0.01948752 | O31: =IF($G31="s-curve",$E31+($F31-$E31)*O$100,TREND($E31:$F31,$E$9:$F$9,O$9)) -> 0.026149639 | P31: =IF($G31="s-curve",$E31+($F31-$E31)*P$100,TREND($E31:$F31,$E$9:$F$9,P$9)) -> 0.034566998 | Q31: =IF($G31="s-curve",$E31+($F31-$E31)*Q$100,TREND($E31:$F31,$E$9:$F$9,Q$9)) -> 0.044994038 | R31: =IF($G31="s-curve",$E31+($F31-$E31)*R$100,TREND($E31:$F31,$E$9:$F$9,R$9)) -> 0.057599089 | ... AI31: =IF($G31="s-curve",$E31+($F31-$E31)*AI$100,TREND($E31:$F31,$E$9:$F$9,AI$9)) -> 0.25
C32: natural gas vehicle | D32: 0.023251628 | E32: 0.023251628 | F32: =E32 -> 0.023251628 | G32: =IF(E32=F32,"n/a",IF(OR(C32="battery electric vehicle",C32="natural gas vehicle",C32="plugin hybrid vehicle"),"s-curve","linear")) -> n/a | I32: =D32 -> 0.023251628 | J32: =E32 -> 0.023251628 | K32: =IF($G32="s-curve",$E32+($F32-$E32)*$I$2/(1+EXP($I$3*(COUNT($I$9:K$9)+$I$4))),TREND($E32:$F32,$E$9:$F$9,K$9)) -> 0.023251628 | L32: =IF($G32="s-curve",$E32+($F32-$E32)*$I$2/(1+EXP($I$3*(COUNT($I$9:L$9)+$I$4))),TREND($E32:$F32,$E$9:$F$9,L$9)) -> 0.023251628 | M32: =IF($G32="s-curve",$E32+($F32-$E32)*$I$2/(1+EXP($I$3*(COUNT($I$9:M$9)+$I$4))),TREND($E32:$F32,$E$9:$F$9,M$9)) -> 0.023251628 | N32: =IF($G32="s-curve",$E32+($F32-$E32)*$I$2/(1+EXP($I$3*(COUNT($I$9:N$9)+$I$4))),TREND($E32:$F32,$E$9:$F$9,N$9)) -> 0.023251628 | O32: =IF($G32="s-curve",$E32+($F32-$E32)*$I$2/(1+EXP($I$3*(COUNT($I$9:O$9)+$I$4))),TREND($E32:$F32,$E$9:$F$9,O$9)) -> 0.023251628 | P32: =IF($G32="s-curve",$E32+($F32-$E32)*$I$2/(1+EXP($I$3*(COUNT($I$9:P$9)+$I$4))),TREND($E32:$F32,$E$9:$F$9,P$9)) -> 0.023251628 | Q32: =IF($G32="s-curve",$E32+($F32-$E32)*$I$2/(1+EXP($I$3*(COUNT($I$9:Q$9)+$I$4))),TREND($E32:$F32,$E$9:$F$9,Q$9)) -> 0.023251628 | R32: =IF($G32="s-curve",$E32+($F32-$E32)*$I$2/(1+EXP($I$3*(COUNT($I$9:R$9)+$I$4))),TREND($E32:$F32,$E$9:$F$9,R$9)) -> 0.023251628 | ... AI32: =IF($G32="s-curve",$E32+($F32-$E32)*$I$2/(1+EXP($I$3*(COUNT($I$9:AI$9)+$I$4))),TREND($E32:$F32,$E$9:$F$9,AI$9)) -> 0.023251628
C33: gasoline vehicle | D33: 0.00073518745 | E33: 0.00073518745 | F33: =E33 -> 0.00073518745 | G33: =IF(E33=F33,"n/a",IF(OR(C33="battery electric vehicle",C33="natural gas vehicle",C33="plugin hybrid vehicle"),"s-curve","linear")) -> n/a | I33: =D33 -> 0.00073518745 | J33: =E33 -> 0.00073518745 | K33: =IF($G33="s-curve",$E33+($F33-$E33)*$I$2/(1+EXP($I$3*(COUNT($I$9:K$9)+$I$4))),TREND($E33:$F33,$E$9:$F$9,K$9)) -> 0.00073518745 | L33: =IF($G33="s-curve",$E33+($F33-$E33)*$I$2/(1+EXP($I$3*(COUNT($I$9:L$9)+$I$4))),TREND($E33:$F33,$E$9:$F$9,L$9)) -> 0.00073518745 | M33: =IF($G33="s-curve",$E33+($F33-$E33)*$I$2/(1+EXP($I$3*(COUNT($I$9:M$9)+$I$4))),TREND($E33:$F33,$E$9:$F$9,M$9)) -> 0.00073518745 | N33: =IF($G33="s-curve",$E33+($F33-$E33)*$I$2/(1+EXP($I$3*(COUNT($I$9:N$9)+$I$4))),TREND($E33:$F33,$E$9:$F$9,N$9)) -> 0.00073518745 | O33: =IF($G33="s-curve",$E33+($F33-$E33)*$I$2/(1+EXP($I$3*(COUNT($I$9:O$9)+$I$4))),TREND($E33:$F33,$E$9:$F$9,O$9)) -> 0.00073518745 | P33: =IF($G33="s-curve",$E33+($F33-$E33)*$I$2/(1+EXP($I$3*(COUNT($I$9:P$9)+$I$4))),TREND($E33:$F33,$E$9:$F$9,P$9)) -> 0.00073518745 | Q33: =IF($G33="s-curve",$E33+($F33-$E33)*$I$2/(1+EXP($I$3*(COUNT($I$9:Q$9)+$I$4))),TREND($E33:$F33,$E$9:$F$9,Q$9)) -> 0.00073518745 | R33: =IF($G33="s-curve",$E33+($F33-$E33)*$I$2/(1+EXP($I$3*(COUNT($I$9:R$9)+$I$4))),TREND($E33:$F33,$E$9:$F$9,R$9)) -> 0.00073518745 | ... AI33: =IF($G33="s-curve",$E33+($F33-$E33)*$I$2/(1+EXP($I$3*(COUNT($I$9:AI$9)+$I$4))),TREND($E33:$F33,$E$9:$F$9,AI$9)) -> 0.00073518745
C34: diesel vehicle | D34: 1 | E34: 1 | F34: 1 | G34: =IF(E34=F34,"n/a",IF(OR(C34="battery electric vehicle",C34="natural gas vehicle",C34="plugin hybrid vehicle"),"s-curve","linear")) -> n/a | I34: =D34 -> 1 | J34: =E34 -> 1 | K34: =IF($G34="s-curve",$E34+($F34-$E34)*$I$2/(1+EXP($I$3*(COUNT($I$9:K$9)+$I$4))),TREND($E34:$F34,$E$9:$F$9,K$9)) -> 1 | L34: =IF($G34="s-curve",$E34+($F34-$E34)*$I$2/(1+EXP($I$3*(COUNT($I$9:L$9)+$I$4))),TREND($E34:$F34,$E$9:$F$9,L$9)) -> 1 | M34: =IF($G34="s-curve",$E34+($F34-$E34)*$I$2/(1+EXP($I$3*(COUNT($I$9:M$9)+$I$4))),TREND($E34:$F34,$E$9:$F$9,M$9)) -> 1 | N34: =IF($G34="s-curve",$E34+($F34-$E34)*$I$2/(1+EXP($I$3*(COUNT($I$9:N$9)+$I$4))),TREND($E34:$F34,$E$9:$F$9,N$9)) -> 1 | O34: =IF($G34="s-curve",$E34+($F34-$E34)*$I$2/(1+EXP($I$3*(COUNT($I$9:O$9)+$I$4))),TREND($E34:$F34,$E$9:$F$9,O$9)) -> 1 | P34: =IF($G34="s-curve",$E34+($F34-$E34)*$I$2/(1+EXP($I$3*(COUNT($I$9:P$9)+$I$4))),TREND($E34:$F34,$E$9:$F$9,P$9)) -> 1 | Q34: =IF($G34="s-curve",$E34+($F34-$E34)*$I$2/(1+EXP($I$3*(COUNT($I$9:Q$9)+$I$4))),TREND($E34:$F34,$E$9:$F$9,Q$9)) -> 1 | R34: =IF($G34="s-curve",$E34+($F34-$E34)*$I$2/(1+EXP($I$3*(COUNT($I$9:R$9)+$I$4))),TREND($E34:$F34,$E$9:$F$9,R$9)) -> 1 | ... AI34: =IF($G34="s-curve",$E34+($F34-$E34)*$I$2/(1+EXP($I$3*(COUNT($I$9:AI$9)+$I$4))),TREND($E34:$F34,$E$9:$F$9,AI$9)) -> 1
C35: plugin hybrid vehicle | D35: 0 | E35: 0 | F35: =E35 -> 0 | G35: =IF(E35=F35,"n/a",IF(OR(C35="battery electric vehicle",C35="natural gas vehicle",C35="plugin hybrid vehicle"),"s-curve","linear")) -> n/a | I35: =D35 -> 0 | J35: =E35 -> 0 | K35: =IF($G35="s-curve",$E35+($F35-$E35)*$I$2/(1+EXP($I$3*(COUNT($I$9:K$9)+$I$4))),TREND($E35:$F35,$E$9:$F$9,K$9)) -> 0 | L35: =IF($G35="s-curve",$E35+($F35-$E35)*$I$2/(1+EXP($I$3*(COUNT($I$9:L$9)+$I$4))),TREND($E35:$F35,$E$9:$F$9,L$9)) -> 0 | M35: =IF($G35="s-curve",$E35+($F35-$E35)*$I$2/(1+EXP($I$3*(COUNT($I$9:M$9)+$I$4))),TREND($E35:$F35,$E$9:$F$9,M$9)) -> 0 | N35: =IF($G35="s-curve",$E35+($F35-$E35)*$I$2/(1+EXP($I$3*(COUNT($I$9:N$9)+$I$4))),TREND($E35:$F35,$E$9:$F$9,N$9)) -> 0 | O35: =IF($G35="s-curve",$E35+($F35-$E35)*$I$2/(1+EXP($I$3*(COUNT($I$9:O$9)+$I$4))),TREND($E35:$F35,$E$9:$F$9,O$9)) -> 0 | P35: =IF($G35="s-curve",$E35+($F35-$E35)*$I$2/(1+EXP($I$3*(COUNT($I$9:P$9)+$I$4))),TREND($E35:$F35,$E$9:$F$9,P$9)) -> 0 | Q35: =IF($G35="s-curve",$E35+($F35-$E35)*$I$2/(1+EXP($I$3*(COUNT($I$9:Q$9)+$I$4))),TREND($E35:$F35,$E$9:$F$9,Q$9)) -> 0 | R35: =IF($G35="s-curve",$E35+($F35-$E35)*$I$2/(1+EXP($I$3*(COUNT($I$9:R$9)+$I$4))),TREND($E35:$F35,$E$9:$F$9,R$9)) -> 0 | ... AI35: =IF($G35="s-curve",$E35+($F35-$E35)*$I$2/(1+EXP($I$3*(COUNT($I$9:AI$9)+$I$4))),TREND($E35:$F35,$E$9:$F$9,AI$9)) -> 0
C36: LPG vehicle | D36: 0 | E36: 0 | F36: =E36 -> 0 | G36: =IF(E36=F36,"n/a",IF(OR(C36="battery electric vehicle",C36="natural gas vehicle",C36="plugin hybrid vehicle",C36="hydrogen vehicle"),"s-curve","linear")) -> n/a | I36: =D36 -> 0 | J36: =E36 -> 0 | K36: =IF($G36="s-curve",$E36+($F36-$E36)*$I$2/(1+EXP($I$3*(COUNT($I$9:K$9)+$I$4))),TREND($E36:$F36,$E$9:$F$9,K$9)) -> 0 | L36: =IF($G36="s-curve",$E36+($F36-$E36)*$I$2/(1+EXP($I$3*(COUNT($I$9:L$9)+$I$4))),TREND($E36:$F36,$E$9:$F$9,L$9)) -> 0 | M36: =IF($G36="s-curve",$E36+($F36-$E36)*$I$2/(1+EXP($I$3*(COUNT($I$9:M$9)+$I$4))),TREND($E36:$F36,$E$9:$F$9,M$9)) -> 0 | N36: =IF($G36="s-curve",$E36+($F36-$E36)*$I$2/(1+EXP($I$3*(COUNT($I$9:N$9)+$I$4))),TREND($E36:$F36,$E$9:$F$9,N$9)) -> 0 | O36: =IF($G36="s-curve",$E36+($F36-$E36)*$I$2/(1+EXP($I$3*(COUNT($I$9:O$9)+$I$4))),TREND($E36:$F36,$E$9:$F$9,O$9)) -> 0 | P36: =IF($G36="s-curve",$E36+($F36-$E36)*$I$2/(1+EXP($I$3*(COUNT($I$9:P$9)+$I$4))),TREND($E36:$F36,$E$9:$F$9,P$9)) -> 0 | Q36: =IF($G36="s-curve",$E36+($F36-$E36)*$I$2/(1+EXP($I$3*(COUNT($I$9:Q$9)+$I$4))),TREND($E36:$F36,$E$9:$F$9,Q$9)) -> 0 | R36: =IF($G36="s-curve",$E36+($F36-$E36)*$I$2/(1+EXP($I$3*(COUNT($I$9:R$9)+$I$4))),TREND($E36:$F36,$E$9:$F$9,R$9)) -> 0 | ... AI36: =IF($G36="s-curve",$E36+($F36-$E36)*$I$2/(1+EXP($I$3*(COUNT($I$9:AI$9)+$I$4))),TREND($E36:$F36,$E$9:$F$9,AI$9)) -> 0
C37: hydrogen vehicle | D37: 0 | E37: 0 | F37: =E37 -> 0 | G37: =IF(E37=F37,"n/a",IF(OR(C37="battery electric vehicle",C37="natural gas vehicle",C37="plugin hybrid vehicle",C37="hydrogen vehicle"),"s-curve","linear")) -> n/a | I37: =D37 -> 0 | J37: =E37 -> 0 | K37: =IF($G37="s-curve",$E37+($F37-$E37)*$I$2/(1+EXP($I$3*(COUNT($I$9:K$9)+$I$4))),TREND($E37:$F37,$E$9:$F$9,K$9)) -> 0 | L37: =IF($G37="s-curve",$E37+($F37-$E37)*$I$2/(1+EXP($I$3*(COUNT($I$9:L$9)+$I$4))),TREND($E37:$F37,$E$9:$F$9,L$9)) -> 0 | M37: =IF($G37="s-curve",$E37+($F37-$E37)*$I$2/(1+EXP($I$3*(COUNT($I$9:M$9)+$I$4))),TREND($E37:$F37,$E$9:$F$9,M$9)) -> 0 | N37: =IF($G37="s-curve",$E37+($F37-$E37)*$I$2/(1+EXP($I$3*(COUNT($I$9:N$9)+$I$4))),TREND($E37:$F37,$E$9:$F$9,N$9)) -> 0 | O37: =IF($G37="s-curve",$E37+($F37-$E37)*$I$2/(1+EXP($I$3*(COUNT($I$9:O$9)+$I$4))),TREND($E37:$F37,$E$9:$F$9,O$9)) -> 0 | P37: =IF($G37="s-curve",$E37+($F37-$E37)*$I$2/(1+EXP($I$3*(COUNT($I$9:P$9)+$I$4))),TREND($E37:$F37,$E$9:$F$9,P$9)) -> 0 | Q37: =IF($G37="s-curve",$E37+($F37-$E37)*$I$2/(1+EXP($I$3*(COUNT($I$9:Q$9)+$I$4))),TREND($E37:$F37,$E$9:$F$9,Q$9)) -> 0 | R37: =IF($G37="s-curve",$E37+($F37-$E37)*$I$2/(1+EXP($I$3*(COUNT($I$9:R$9)+$I$4))),TREND($E37:$F37,$E$9:$F$9,R$9)) -> 0 | ... AI37: =IF($G37="s-curve",$E37+($F37-$E37)*$I$2/(1+EXP($I$3*(COUNT($I$9:AI$9)+$I$4))),TREND($E37:$F37,$E$9:$F$9,AI$9)) -> 0
A38: aircraft | B38: passenger | C38: battery electric vehicle | E38: 0 | F38: 0 | G38: =IF(E38=F38,"n/a",IF(OR(C38="battery electric vehicle",C38="natural gas vehicle",C38="plugin hybrid vehicle"),"s-curve","linear")) -> n/a | I38: =E38 -> 0 | J38: =IF($G38="s-curve",$E38+($F38-$E38)*$I$2/(1+EXP($I$3*(COUNT($I$9:J$9)+$I$4))),TREND($E38:$F38,$E$9:$F$9,J$9)) -> 0 | K38: =IF($G38="s-curve",$E38+($F38-$E38)*$I$2/(1+EXP($I$3*(COUNT($I$9:K$9)+$I$4))),TREND($E38:$F38,$E$9:$F$9,K$9)) -> 0 | L38: =IF($G38="s-curve",$E38+($F38-$E38)*$I$2/(1+EXP($I$3*(COUNT($I$9:L$9)+$I$4))),TREND($E38:$F38,$E$9:$F$9,L$9)) -> 0 | M38: =IF($G38="s-curve",$E38+($F38-$E38)*$I$2/(1+EXP($I$3*(COUNT($I$9:M$9)+$I$4))),TREND($E38:$F38,$E$9:$F$9,M$9)) -> 0 | N38: =IF($G38="s-curve",$E38+($F38-$E38)*$I$2/(1+EXP($I$3*(COUNT($I$9:N$9)+$I$4))),TREND($E38:$F38,$E$9:$F$9,N$9)) -> 0 | O38: =IF($G38="s-curve",$E38+($F38-$E38)*$I$2/(1+EXP($I$3*(COUNT($I$9:O$9)+$I$4))),TREND($E38:$F38,$E$9:$F$9,O$9)) -> 0 | P38: =IF($G38="s-curve",$E38+($F38-$E38)*$I$2/(1+EXP($I$3*(COUNT($I$9:P$9)+$I$4))),TREND($E38:$F38,$E$9:$F$9,P$9)) -> 0 | Q38: =IF($G38="s-curve",$E38+($F38-$E38)*$I$2/(1+EXP($I$3*(COUNT($I$9:Q$9)+$I$4))),TREND($E38:$F38,$E$9:$F$9,Q$9)) -> 0 | ... AI38: =IF($G38="s-curve",$E38+($F38-$E38)*$I$2/(1+EXP($I$3*(COUNT($I$9:AI$9)+$I$4))),TREND($E38:$F38,$E$9:$F$9,AI$9)) -> 0
C39: natural gas vehicle | E39: 0 | F39: 0 | G39: =IF(E39=F39,"n/a",IF(OR(C39="battery electric vehicle",C39="natural gas vehicle",C39="plugin hybrid vehicle"),"s-curve","linear")) -> n/a | I39: =E39 -> 0 | J39: =IF($G39="s-curve",$E39+($F39-$E39)*$I$2/(1+EXP($I$3*(COUNT($I$9:J$9)+$I$4))),TREND($E39:$F39,$E$9:$F$9,J$9)) -> 0 | K39: =IF($G39="s-curve",$E39+($F39-$E39)*$I$2/(1+EXP($I$3*(COUNT($I$9:K$9)+$I$4))),TREND($E39:$F39,$E$9:$F$9,K$9)) -> 0 | L39: =IF($G39="s-curve",$E39+($F39-$E39)*$I$2/(1+EXP($I$3*(COUNT($I$9:L$9)+$I$4))),TREND($E39:$F39,$E$9:$F$9,L$9)) -> 0 | M39: =IF($G39="s-curve",$E39+($F39-$E39)*$I$2/(1+EXP($I$3*(COUNT($I$9:M$9)+$I$4))),TREND($E39:$F39,$E$9:$F$9,M$9)) -> 0 | N39: =IF($G39="s-curve",$E39+($F39-$E39)*$I$2/(1+EXP($I$3*(COUNT($I$9:N$9)+$I$4))),TREND($E39:$F39,$E$9:$F$9,N$9)) -> 0 | O39: =IF($G39="s-curve",$E39+($F39-$E39)*$I$2/(1+EXP($I$3*(COUNT($I$9:O$9)+$I$4))),TREND($E39:$F39,$E$9:$F$9,O$9)) -> 0 | P39: =IF($G39="s-curve",$E39+($F39-$E39)*$I$2/(1+EXP($I$3*(COUNT($I$9:P$9)+$I$4))),TREND($E39:$F39,$E$9:$F$9,P$9)) -> 0 | Q39: =IF($G39="s-curve",$E39+($F39-$E39)*$I$2/(1+EXP($I$3*(COUNT($I$9:Q$9)+$I$4))),TREND($E39:$F39,$E$9:$F$9,Q$9)) -> 0 | ... AI39: =IF($G39="s-curve",$E39+($F39-$E39)*$I$2/(1+EXP($I$3*(COUNT($I$9:AI$9)+$I$4))),TREND($E39:$F39,$E$9:$F$9,AI$9)) -> 0
C40: gasoline vehicle | E40: 0 | F40: 0 | G40: =IF(E40=F40,"n/a",IF(OR(C40="battery electric vehicle",C40="natural gas vehicle",C40="plugin hybrid vehicle"),"s-curve","linear")) -> n/a | I40: =E40 -> 0 | J40: =IF($G40="s-curve",$E40+($F40-$E40)*$I$2/(1+EXP($I$3*(COUNT($I$9:J$9)+$I$4))),TREND($E40:$F40,$E$9:$F$9,J$9)) -> 0 | K40: =IF($G40="s-curve",$E40+($F40-$E40)*$I$2/(1+EXP($I$3*(COUNT($I$9:K$9)+$I$4))),TREND($E40:$F40,$E$9:$F$9,K$9)) -> 0 | L40: =IF($G40="s-curve",$E40+($F40-$E40)*$I$2/(1+EXP($I$3*(COUNT($I$9:L$9)+$I$4))),TREND($E40:$F40,$E$9:$F$9,L$9)) -> 0 | M40: =IF($G40="s-curve",$E40+($F40-$E40)*$I$2/(1+EXP($I$3*(COUNT($I$9:M$9)+$I$4))),TREND($E40:$F40,$E$9:$F$9,M$9)) -> 0 | N40: =IF($G40="s-curve",$E40+($F40-$E40)*$I$2/(1+EXP($I$3*(COUNT($I$9:N$9)+$I$4))),TREND($E40:$F40,$E$9:$F$9,N$9)) -> 0 | O40: =IF($G40="s-curve",$E40+($F40-$E40)*$I$2/(1+EXP($I$3*(COUNT($I$9:O$9)+$I$4))),TREND($E40:$F40,$E$9:$F$9,O$9)) -> 0 | P40: =IF($G40="s-curve",$E40+($F40-$E40)*$I$2/(1+EXP($I$3*(COUNT($I$9:P$9)+$I$4))),TREND($E40:$F40,$E$9:$F$9,P$9)) -> 0 | Q40: =IF($G40="s-curve",$E40+($F40-$E40)*$I$2/(1+EXP($I$3*(COUNT($I$9:Q$9)+$I$4))),TREND($E40:$F40,$E$9:$F$9,Q$9)) -> 0 | ... AI40: =IF($G40="s-curve",$E40+($F40-$E40)*$I$2/(1+EXP($I$3*(COUNT($I$9:AI$9)+$I$4))),TREND($E40:$F40,$E$9:$F$9,AI$9)) -> 0
C41: diesel vehicle | E41: 1 | F41: 1 | G41: =IF(E41=F41,"n/a",IF(OR(C41="battery electric vehicle",C41="natural gas vehicle",C41="plugin hybrid vehicle"),"s-curve","linear")) -> n/a | I41: =E41 -> 1 | J41: =IF($G41="s-curve",$E41+($F41-$E41)*$I$2/(1+EXP($I$3*(COUNT($I$9:J$9)+$I$4))),TREND($E41:$F41,$E$9:$F$9,J$9)) -> 1 | K41: =IF($G41="s-curve",$E41+($F41-$E41)*$I$2/(1+EXP($I$3*(COUNT($I$9:K$9)+$I$4))),TREND($E41:$F41,$E$9:$F$9,K$9)) -> 1 | L41: =IF($G41="s-curve",$E41+($F41-$E41)*$I$2/(1+EXP($I$3*(COUNT($I$9:L$9)+$I$4))),TREND($E41:$F41,$E$9:$F$9,L$9)) -> 1 | M41: =IF($G41="s-curve",$E41+($F41-$E41)*$I$2/(1+EXP($I$3*(COUNT($I$9:M$9)+$I$4))),TREND($E41:$F41,$E$9:$F$9,M$9)) -> 1 | N41: =IF($G41="s-curve",$E41+($F41-$E41)*$I$2/(1+EXP($I$3*(COUNT($I$9:N$9)+$I$4))),TREND($E41:$F41,$E$9:$F$9,N$9)) -> 1 | O41: =IF($G41="s-curve",$E41+($F41-$E41)*$I$2/(1+EXP($I$3*(COUNT($I$9:O$9)+$I$4))),TREND($E41:$F41,$E$9:$F$9,O$9)) -> 1 | P41: =IF($G41="s-curve",$E41+($F41-$E41)*$I$2/(1+EXP($I$3*(COUNT($I$9:P$9)+$I$4))),TREND($E41:$F41,$E$9:$F$9,P$9)) -> 1 | Q41: =IF($G41="s-curve",$E41+($F41-$E41)*$I$2/(1+EXP($I$3*(COUNT($I$9:Q$9)+$I$4))),TREND($E41:$F41,$E$9:$F$9,Q$9)) -> 1 | ... AI41: =IF($G41="s-curve",$E41+($F41-$E41)*$I$2/(1+EXP($I$3*(COUNT($I$9:AI$9)+$I$4))),TREND($E41:$F41,$E$9:$F$9,AI$9)) -> 1
C42: plugin hybrid vehicle | E42: 0 | F42: 0 | G42: =IF(E42=F42,"n/a",IF(OR(C42="battery electric vehicle",C42="natural gas vehicle",C42="plugin hybrid vehicle"),"s-curve","linear")) -> n/a | I42: =E42 -> 0 | J42: =IF($G42="s-curve",$E42+($F42-$E42)*$I$2/(1+EXP($I$3*(COUNT($I$9:J$9)+$I$4))),TREND($E42:$F42,$E$9:$F$9,J$9)) -> 0 | K42: =IF($G42="s-curve",$E42+($F42-$E42)*$I$2/(1+EXP($I$3*(COUNT($I$9:K$9)+$I$4))),TREND($E42:$F42,$E$9:$F$9,K$9)) -> 0 | L42: =IF($G42="s-curve",$E42+($F42-$E42)*$I$2/(1+EXP($I$3*(COUNT($I$9:L$9)+$I$4))),TREND($E42:$F42,$E$9:$F$9,L$9)) -> 0 | M42: =IF($G42="s-curve",$E42+($F42-$E42)*$I$2/(1+EXP($I$3*(COUNT($I$9:M$9)+$I$4))),TREND($E42:$F42,$E$9:$F$9,M$9)) -> 0 | N42: =IF($G42="s-curve",$E42+($F42-$E42)*$I$2/(1+EXP($I$3*(COUNT($I$9:N$9)+$I$4))),TREND($E42:$F42,$E$9:$F$9,N$9)) -> 0 | O42: =IF($G42="s-curve",$E42+($F42-$E42)*$I$2/(1+EXP($I$3*(COUNT($I$9:O$9)+$I$4))),TREND($E42:$F42,$E$9:$F$9,O$9)) -> 0 | P42: =IF($G42="s-curve",$E42+($F42-$E42)*$I$2/(1+EXP($I$3*(COUNT($I$9:P$9)+$I$4))),TREND($E42:$F42,$E$9:$F$9,P$9)) -> 0 | Q42: =IF($G42="s-curve",$E42+($F42-$E42)*$I$2/(1+EXP($I$3*(COUNT($I$9:Q$9)+$I$4))),TREND($E42:$F42,$E$9:$F$9,Q$9)) -> 0 | ... AI42: =IF($G42="s-curve",$E42+($F42-$E42)*$I$2/(1+EXP($I$3*(COUNT($I$9:AI$9)+$I$4))),TREND($E42:$F42,$E$9:$F$9,AI$9)) -> 0
C43: LPG vehicle | E43: 0 | F43: 0 | G43: =IF(E43=F43,"n/a",IF(OR(C43="battery electric vehicle",C43="natural gas vehicle",C43="plugin hybrid vehicle",C43="hydrogen vehicle"),"s-curve","linear")) -> n/a | I43: =E43 -> 0 | J43: =IF($G43="s-curve",$E43+($F43-$E43)*$I$2/(1+EXP($I$3*(COUNT($I$9:J$9)+$I$4))),TREND($E43:$F43,$E$9:$F$9,J$9)) -> 0 | K43: =IF($G43="s-curve",$E43+($F43-$E43)*$I$2/(1+EXP($I$3*(COUNT($I$9:K$9)+$I$4))),TREND($E43:$F43,$E$9:$F$9,K$9)) -> 0 | L43: =IF($G43="s-curve",$E43+($F43-$E43)*$I$2/(1+EXP($I$3*(COUNT($I$9:L$9)+$I$4))),TREND($E43:$F43,$E$9:$F$9,L$9)) -> 0 | M43: =IF($G43="s-curve",$E43+($F43-$E43)*$I$2/(1+EXP($I$3*(COUNT($I$9:M$9)+$I$4))),TREND($E43:$F43,$E$9:$F$9,M$9)) -> 0 | N43: =IF($G43="s-curve",$E43+($F43-$E43)*$I$2/(1+EXP($I$3*(COUNT($I$9:N$9)+$I$4))),TREND($E43:$F43,$E$9:$F$9,N$9)) -> 0 | O43: =IF($G43="s-curve",$E43+($F43-$E43)*$I$2/(1+EXP($I$3*(COUNT($I$9:O$9)+$I$4))),TREND($E43:$F43,$E$9:$F$9,O$9)) -> 0 | P43: =IF($G43="s-curve",$E43+($F43-$E43)*$I$2/(1+EXP($I$3*(COUNT($I$9:P$9)+$I$4))),TREND($E43:$F43,$E$9:$F$9,P$9)) -> 0 | Q43: =IF($G43="s-curve",$E43+($F43-$E43)*$I$2/(1+EXP($I$3*(COUNT($I$9:Q$9)+$I$4))),TREND($E43:$F43,$E$9:$F$9,Q$9)) -> 0 | ... AI43: =IF($G43="s-curve",$E43+($F43-$E43)*$I$2/(1+EXP($I$3*(COUNT($I$9:AI$9)+$I$4))),TREND($E43:$F43,$E$9:$F$9,AI$9)) -> 0
C44: hydrogen vehicle | E44: 0 | F44: 0 | G44: =IF(E44=F44,"n/a",IF(OR(C44="battery electric vehicle",C44="natural gas vehicle",C44="plugin hybrid vehicle",C44="hydrogen vehicle"),"s-curve","linear")) -> n/a | I44: =E44 -> 0 | J44: =IF($G44="s-curve",$E44+($F44-$E44)*$I$2/(1+EXP($I$3*(COUNT($I$9:J$9)+$I$4))),TREND($E44:$F44,$E$9:$F$9,J$9)) -> 0 | K44: =IF($G44="s-curve",$E44+($F44-$E44)*$I$2/(1+EXP($I$3*(COUNT($I$9:K$9)+$I$4))),TREND($E44:$F44,$E$9:$F$9,K$9)) -> 0 | L44: =IF($G44="s-curve",$E44+($F44-$E44)*$I$2/(1+EXP($I$3*(COUNT($I$9:L$9)+$I$4))),TREND($E44:$F44,$E$9:$F$9,L$9)) -> 0 | M44: =IF($G44="s-curve",$E44+($F44-$E44)*$I$2/(1+EXP($I$3*(COUNT($I$9:M$9)+$I$4))),TREND($E44:$F44,$E$9:$F$9,M$9)) -> 0 | N44: =IF($G44="s-curve",$E44+($F44-$E44)*$I$2/(1+EXP($I$3*(COUNT($I$9:N$9)+$I$4))),TREND($E44:$F44,$E$9:$F$9,N$9)) -> 0 | O44: =IF($G44="s-curve",$E44+($F44-$E44)*$I$2/(1+EXP($I$3*(COUNT($I$9:O$9)+$I$4))),TREND($E44:$F44,$E$9:$F$9,O$9)) -> 0 | P44: =IF($G44="s-curve",$E44+($F44-$E44)*$I$2/(1+EXP($I$3*(COUNT($I$9:P$9)+$I$4))),TREND($E44:$F44,$E$9:$F$9,P$9)) -> 0 | Q44: =IF($G44="s-curve",$E44+($F44-$E44)*$I$2/(1+EXP($I$3*(COUNT($I$9:Q$9)+$I$4))),TREND($E44:$F44,$E$9:$F$9,Q$9)) -> 0 | ... AI44: =IF($G44="s-curve",$E44+($F44-$E44)*$I$2/(1+EXP($I$3*(COUNT($I$9:AI$9)+$I$4))),TREND($E44:$F44,$E$9:$F$9,AI$9)) -> 0
A45: aircraft | B45: freight | C45: battery electric vehicle | E45: 0 | F45: 0 | G45: =IF(E45=F45,"n/a",IF(OR(C45="battery electric vehicle",C45="natural gas vehicle",C45="plugin hybrid vehicle"),"s-curve","linear")) -> n/a | I45: =E45 -> 0 | J45: =IF($G45="s-curve",$E45+($F45-$E45)*$I$2/(1+EXP($I$3*(COUNT($I$9:J$9)+$I$4))),TREND($E45:$F45,$E$9:$F$9,J$9)) -> 0 | K45: =IF($G45="s-curve",$E45+($F45-$E45)*$I$2/(1+EXP($I$3*(COUNT($I$9:K$9)+$I$4))),TREND($E45:$F45,$E$9:$F$9,K$9)) -> 0 | L45: =IF($G45="s-curve",$E45+($F45-$E45)*$I$2/(1+EXP($I$3*(COUNT($I$9:L$9)+$I$4))),TREND($E45:$F45,$E$9:$F$9,L$9)) -> 0 | M45: =IF($G45="s-curve",$E45+($F45-$E45)*$I$2/(1+EXP($I$3*(COUNT($I$9:M$9)+$I$4))),TREND($E45:$F45,$E$9:$F$9,M$9)) -> 0 | N45: =IF($G45="s-curve",$E45+($F45-$E45)*$I$2/(1+EXP($I$3*(COUNT($I$9:N$9)+$I$4))),TREND($E45:$F45,$E$9:$F$9,N$9)) -> 0 | O45: =IF($G45="s-curve",$E45+($F45-$E45)*$I$2/(1+EXP($I$3*(COUNT($I$9:O$9)+$I$4))),TREND($E45:$F45,$E$9:$F$9,O$9)) -> 0 | P45: =IF($G45="s-curve",$E45+($F45-$E45)*$I$2/(1+EXP($I$3*(COUNT($I$9:P$9)+$I$4))),TREND($E45:$F45,$E$9:$F$9,P$9)) -> 0 | Q45: =IF($G45="s-curve",$E45+($F45-$E45)*$I$2/(1+EXP($I$3*(COUNT($I$9:Q$9)+$I$4))),TREND($E45:$F45,$E$9:$F$9,Q$9)) -> 0 | ... AI45: =IF($G45="s-curve",$E45+($F45-$E45)*$I$2/(1+EXP($I$3*(COUNT($I$9:AI$9)+$I$4))),TREND($E45:$F45,$E$9:$F$9,AI$9)) -> 0
C46: natural gas vehicle | E46: 0 | F46: 0 | G46: =IF(E46=F46,"n/a",IF(OR(C46="battery electric vehicle",C46="natural gas vehicle",C46="plugin hybrid vehicle"),"s-curve","linear")) -> n/a | I46: =E46 -> 0 | J46: =IF($G46="s-curve",$E46+($F46-$E46)*$I$2/(1+EXP($I$3*(COUNT($I$9:J$9)+$I$4))),TREND($E46:$F46,$E$9:$F$9,J$9)) -> 0 | K46: =IF($G46="s-curve",$E46+($F46-$E46)*$I$2/(1+EXP($I$3*(COUNT($I$9:K$9)+$I$4))),TREND($E46:$F46,$E$9:$F$9,K$9)) -> 0 | L46: =IF($G46="s-curve",$E46+($F46-$E46)*$I$2/(1+EXP($I$3*(COUNT($I$9:L$9)+$I$4))),TREND($E46:$F46,$E$9:$F$9,L$9)) -> 0 | M46: =IF($G46="s-curve",$E46+($F46-$E46)*$I$2/(1+EXP($I$3*(COUNT($I$9:M$9)+$I$4))),TREND($E46:$F46,$E$9:$F$9,M$9)) -> 0 | N46: =IF($G46="s-curve",$E46+($F46-$E46)*$I$2/(1+EXP($I$3*(COUNT($I$9:N$9)+$I$4))),TREND($E46:$F46,$E$9:$F$9,N$9)) -> 0 | O46: =IF($G46="s-curve",$E46+($F46-$E46)*$I$2/(1+EXP($I$3*(COUNT($I$9:O$9)+$I$4))),TREND($E46:$F46,$E$9:$F$9,O$9)) -> 0 | P46: =IF($G46="s-curve",$E46+($F46-$E46)*$I$2/(1+EXP($I$3*(COUNT($I$9:P$9)+$I$4))),TREND($E46:$F46,$E$9:$F$9,P$9)) -> 0 | Q46: =IF($G46="s-curve",$E46+($F46-$E46)*$I$2/(1+EXP($I$3*(COUNT($I$9:Q$9)+$I$4))),TREND($E46:$F46,$E$9:$F$9,Q$9)) -> 0 | ... AI46: =IF($G46="s-curve",$E46+($F46-$E46)*$I$2/(1+EXP($I$3*(COUNT($I$9:AI$9)+$I$4))),TREND($E46:$F46,$E$9:$F$9,AI$9)) -> 0
C47: gasoline vehicle | E47: 0 | F47: 0 | G47: =IF(E47=F47,"n/a",IF(OR(C47="battery electric vehicle",C47="natural gas vehicle",C47="plugin hybrid vehicle"),"s-curve","linear")) -> n/a | I47: =E47 -> 0 | J47: =IF($G47="s-curve",$E47+($F47-$E47)*$I$2/(1+EXP($I$3*(COUNT($I$9:J$9)+$I$4))),TREND($E47:$F47,$E$9:$F$9,J$9)) -> 0 | K47: =IF($G47="s-curve",$E47+($F47-$E47)*$I$2/(1+EXP($I$3*(COUNT($I$9:K$9)+$I$4))),TREND($E47:$F47,$E$9:$F$9,K$9)) -> 0 | L47: =IF($G47="s-curve",$E47+($F47-$E47)*$I$2/(1+EXP($I$3*(COUNT($I$9:L$9)+$I$4))),TREND($E47:$F47,$E$9:$F$9,L$9)) -> 0 | M47: =IF($G47="s-curve",$E47+($F47-$E47)*$I$2/(1+EXP($I$3*(COUNT($I$9:M$9)+$I$4))),TREND($E47:$F47,$E$9:$F$9,M$9)) -> 0 | N47: =IF($G47="s-curve",$E47+($F47-$E47)*$I$2/(1+EXP($I$3*(COUNT($I$9:N$9)+$I$4))),TREND($E47:$F47,$E$9:$F$9,N$9)) -> 0 | O47: =IF($G47="s-curve",$E47+($F47-$E47)*$I$2/(1+EXP($I$3*(COUNT($I$9:O$9)+$I$4))),TREND($E47:$F47,$E$9:$F$9,O$9)) -> 0 | P47: =IF($G47="s-curve",$E47+($F47-$E47)*$I$2/(1+EXP($I$3*(COUNT($I$9:P$9)+$I$4))),TREND($E47:$F47,$E$9:$F$9,P$9)) -> 0 | Q47: =IF($G47="s-curve",$E47+($F47-$E47)*$I$2/(1+EXP($I$3*(COUNT($I$9:Q$9)+$I$4))),TREND($E47:$F47,$E$9:$F$9,Q$9)) -> 0 | ... AI47: =IF($G47="s-curve",$E47+($F47-$E47)*$I$2/(1+EXP($I$3*(COUNT($I$9:AI$9)+$I$4))),TREND($E47:$F47,$E$9:$F$9,AI$9)) -> 0
C48: diesel vehicle | E48: 1 | F48: 1 | G48: =IF(E48=F48,"n/a",IF(OR(C48="battery electric vehicle",C48="natural gas vehicle",C48="plugin hybrid vehicle"),"s-curve","linear")) -> n/a | I48: =E48 -> 1 | J48: =IF($G48="s-curve",$E48+($F48-$E48)*$I$2/(1+EXP($I$3*(COUNT($I$9:J$9)+$I$4))),TREND($E48:$F48,$E$9:$F$9,J$9)) -> 1 | K48: =IF($G48="s-curve",$E48+($F48-$E48)*$I$2/(1+EXP($I$3*(COUNT($I$9:K$9)+$I$4))),TREND($E48:$F48,$E$9:$F$9,K$9)) -> 1 | L48: =IF($G48="s-curve",$E48+($F48-$E48)*$I$2/(1+EXP($I$3*(COUNT($I$9:L$9)+$I$4))),TREND($E48:$F48,$E$9:$F$9,L$9)) -> 1 | M48: =IF($G48="s-curve",$E48+($F48-$E48)*$I$2/(1+EXP($I$3*(COUNT($I$9:M$9)+$I$4))),TREND($E48:$F48,$E$9:$F$9,M$9)) -> 1 | N48: =IF($G48="s-curve",$E48+($F48-$E48)*$I$2/(1+EXP($I$3*(COUNT($I$9:N$9)+$I$4))),TREND($E48:$F48,$E$9:$F$9,N$9)) -> 1 | O48: =IF($G48="s-curve",$E48+($F48-$E48)*$I$2/(1+EXP($I$3*(COUNT($I$9:O$9)+$I$4))),TREND($E48:$F48,$E$9:$F$9,O$9)) -> 1 | P48: =IF($G48="s-curve",$E48+($F48-$E48)*$I$2/(1+EXP($I$3*(COUNT($I$9:P$9)+$I$4))),TREND($E48:$F48,$E$9:$F$9,P$9)) -> 1 | Q48: =IF($G48="s-curve",$E48+($F48-$E48)*$I$2/(1+EXP($I$3*(COUNT($I$9:Q$9)+$I$4))),TREND($E48:$F48,$E$9:$F$9,Q$9)) -> 1 | ... AI48: =IF($G48="s-curve",$E48+($F48-$E48)*$I$2/(1+EXP($I$3*(COUNT($I$9:AI$9)+$I$4))),TREND($E48:$F48,$E$9:$F$9,AI$9)) -> 1
C49: plugin hybrid vehicle | E49: 0 | F49: 0 | G49: =IF(E49=F49,"n/a",IF(OR(C49="battery electric vehicle",C49="natural gas vehicle",C49="plugin hybrid vehicle"),"s-curve","linear")) -> n/a | I49: =E49 -> 0 | J49: =IF($G49="s-curve",$E49+($F49-$E49)*$I$2/(1+EXP($I$3*(COUNT($I$9:J$9)+$I$4))),TREND($E49:$F49,$E$9:$F$9,J$9)) -> 0 | K49: =IF($G49="s-curve",$E49+($F49-$E49)*$I$2/(1+EXP($I$3*(COUNT($I$9:K$9)+$I$4))),TREND($E49:$F49,$E$9:$F$9,K$9)) -> 0 | L49: =IF($G49="s-curve",$E49+($F49-$E49)*$I$2/(1+EXP($I$3*(COUNT($I$9:L$9)+$I$4))),TREND($E49:$F49,$E$9:$F$9,L$9)) -> 0 | M49: =IF($G49="s-curve",$E49+($F49-$E49)*$I$2/(1+EXP($I$3*(COUNT($I$9:M$9)+$I$4))),TREND($E49:$F49,$E$9:$F$9,M$9)) -> 0 | N49: =IF($G49="s-curve",$E49+($F49-$E49)*$I$2/(1+EXP($I$3*(COUNT($I$9:N$9)+$I$4))),TREND($E49:$F49,$E$9:$F$9,N$9)) -> 0 | O49: =IF($G49="s-curve",$E49+($F49-$E49)*$I$2/(1+EXP($I$3*(COUNT($I$9:O$9)+$I$4))),TREND($E49:$F49,$E$9:$F$9,O$9)) -> 0 | P49: =IF($G49="s-curve",$E49+($F49-$E49)*$I$2/(1+EXP($I$3*(COUNT($I$9:P$9)+$I$4))),TREND($E49:$F49,$E$9:$F$9,P$9)) -> 0 | Q49: =IF($G49="s-curve",$E49+($F49-$E49)*$I$2/(1+EXP($I$3*(COUNT($I$9:Q$9)+$I$4))),TREND($E49:$F49,$E$9:$F$9,Q$9)) -> 0 | ... AI49: =IF($G49="s-curve",$E49+($F49-$E49)*$I$2/(1+EXP($I$3*(COUNT($I$9:AI$9)+$I$4))),TREND($E49:$F49,$E$9:$F$9,AI$9)) -> 0
C50: LPG vehicle | E50: 0 | F50: 0 | G50: =IF(E50=F50,"n/a",IF(OR(C50="battery electric vehicle",C50="natural gas vehicle",C50="plugin hybrid vehicle",C50="hydrogen vehicle"),"s-curve","linear")) -> n/a | I50: =E50 -> 0 | J50: =IF($G50="s-curve",$E50+($F50-$E50)*$I$2/(1+EXP($I$3*(COUNT($I$9:J$9)+$I$4))),TREND($E50:$F50,$E$9:$F$9,J$9)) -> 0 | K50: =IF($G50="s-curve",$E50+($F50-$E50)*$I$2/(1+EXP($I$3*(COUNT($I$9:K$9)+$I$4))),TREND($E50:$F50,$E$9:$F$9,K$9)) -> 0 | L50: =IF($G50="s-curve",$E50+($F50-$E50)*$I$2/(1+EXP($I$3*(COUNT($I$9:L$9)+$I$4))),TREND($E50:$F50,$E$9:$F$9,L$9)) -> 0 | M50: =IF($G50="s-curve",$E50+($F50-$E50)*$I$2/(1+EXP($I$3*(COUNT($I$9:M$9)+$I$4))),TREND($E50:$F50,$E$9:$F$9,M$9)) -> 0 | N50: =IF($G50="s-curve",$E50+($F50-$E50)*$I$2/(1+EXP($I$3*(COUNT($I$9:N$9)+$I$4))),TREND($E50:$F50,$E$9:$F$9,N$9)) -> 0 | O50: =IF($G50="s-curve",$E50+($F50-$E50)*$I$2/(1+EXP($I$3*(COUNT($I$9:O$9)+$I$4))),TREND($E50:$F50,$E$9:$F$9,O$9)) -> 0 | P50: =IF($G50="s-curve",$E50+($F50-$E50)*$I$2/(1+EXP($I$3*(COUNT($I$9:P$9)+$I$4))),TREND($E50:$F50,$E$9:$F$9,P$9)) -> 0 | Q50: =IF($G50="s-curve",$E50+($F50-$E50)*$I$2/(1+EXP($I$3*(COUNT($I$9:Q$9)+$I$4))),TREND($E50:$F50,$E$9:$F$9,Q$9)) -> 0 | ... AI50: =IF($G50="s-curve",$E50+($F50-$E50)*$I$2/(1+EXP($I$3*(COUNT($I$9:AI$9)+$I$4))),TREND($E50:$F50,$E$9:$F$9,AI$9)) -> 0
C51: hydrogen vehicle | E51: 0 | F51: 0 | G51: =IF(E51=F51,"n/a",IF(OR(C51="battery electric vehicle",C51="natural gas vehicle",C51="plugin hybrid vehicle",C51="hydrogen vehicle"),"s-curve","linear")) -> n/a | I51: =E51 -> 0 | J51: =IF($G51="s-curve",$E51+($F51-$E51)*$I$2/(1+EXP($I$3*(COUNT($I$9:J$9)+$I$4))),TREND($E51:$F51,$E$9:$F$9,J$9)) -> 0 | K51: =IF($G51="s-curve",$E51+($F51-$E51)*$I$2/(1+EXP($I$3*(COUNT($I$9:K$9)+$I$4))),TREND($E51:$F51,$E$9:$F$9,K$9)) -> 0 | L51: =IF($G51="s-curve",$E51+($F51-$E51)*$I$2/(1+EXP($I$3*(COUNT($I$9:L$9)+$I$4))),TREND($E51:$F51,$E$9:$F$9,L$9)) -> 0 | M51: =IF($G51="s-curve",$E51+($F51-$E51)*$I$2/(1+EXP($I$3*(COUNT($I$9:M$9)+$I$4))),TREND($E51:$F51,$E$9:$F$9,M$9)) -> 0 | N51: =IF($G51="s-curve",$E51+($F51-$E51)*$I$2/(1+EXP($I$3*(COUNT($I$9:N$9)+$I$4))),TREND($E51:$F51,$E$9:$F$9,N$9)) -> 0 | O51: =IF($G51="s-curve",$E51+($F51-$E51)*$I$2/(1+EXP($I$3*(COUNT($I$9:O$9)+$I$4))),TREND($E51:$F51,$E$9:$F$9,O$9)) -> 0 | P51: =IF($G51="s-curve",$E51+($F51-$E51)*$I$2/(1+EXP($I$3*(COUNT($I$9:P$9)+$I$4))),TREND($E51:$F51,$E$9:$F$9,P$9)) -> 0 | Q51: =IF($G51="s-curve",$E51+($F51-$E51)*$I$2/(1+EXP($I$3*(COUNT($I$9:Q$9)+$I$4))),TREND($E51:$F51,$E$9:$F$9,Q$9)) -> 0 | ... AI51: =IF($G51="s-curve",$E51+($F51-$E51)*$I$2/(1+EXP($I$3*(COUNT($I$9:AI$9)+$I$4))),TREND($E51:$F51,$E$9:$F$9,AI$9)) -> 0
A52: rail | B52: passenger | C52: battery electric vehicle | E52: =IFERROR('SYVbT-passenger'!B5/SUM('SYVbT-passenger'!B5:H5),0) -> 1 | F52: =E52 -> 1 | G52: linear | I52: =E52 -> 1 | J52: =IF($G52="s-curve",$E52+($F52-$E52)*$I$2/(1+EXP($I$3*(COUNT($I$9:J$9)+$I$4))),TREND($E52:$F52,$E$9:$F$9,J$9)) -> 1 | K52: =IF($G52="s-curve",$E52+($F52-$E52)*$I$2/(1+EXP($I$3*(COUNT($I$9:K$9)+$I$4))),TREND($E52:$F52,$E$9:$F$9,K$9)) -> 1 | L52: =IF($G52="s-curve",$E52+($F52-$E52)*$I$2/(1+EXP($I$3*(COUNT($I$9:L$9)+$I$4))),TREND($E52:$F52,$E$9:$F$9,L$9)) -> 1 | M52: =IF($G52="s-curve",$E52+($F52-$E52)*$I$2/(1+EXP($I$3*(COUNT($I$9:M$9)+$I$4))),TREND($E52:$F52,$E$9:$F$9,M$9)) -> 1 | N52: =IF($G52="s-curve",$E52+($F52-$E52)*$I$2/(1+EXP($I$3*(COUNT($I$9:N$9)+$I$4))),TREND($E52:$F52,$E$9:$F$9,N$9)) -> 1 | O52: =IF($G52="s-curve",$E52+($F52-$E52)*$I$2/(1+EXP($I$3*(COUNT($I$9:O$9)+$I$4))),TREND($E52:$F52,$E$9:$F$9,O$9)) -> 1 | P52: =IF($G52="s-curve",$E52+($F52-$E52)*$I$2/(1+EXP($I$3*(COUNT($I$9:P$9)+$I$4))),TREND($E52:$F52,$E$9:$F$9,P$9)) -> 1 | Q52: =IF($G52="s-curve",$E52+($F52-$E52)*$I$2/(1+EXP($I$3*(COUNT($I$9:Q$9)+$I$4))),TREND($E52:$F52,$E$9:$F$9,Q$9)) -> 1 | ... AI52: =IF($G52="s-curve",$E52+($F52-$E52)*$I$2/(1+EXP($I$3*(COUNT($I$9:AI$9)+$I$4))),TREND($E52:$F52,$E$9:$F$9,AI$9)) -> 1
C53: natural gas vehicle | E53: 0 | F53: 0 | G53: =IF(E53=F53,"n/a",IF(OR(C53="battery electric vehicle",C53="natural gas vehicle",C53="plugin hybrid vehicle"),"s-curve","linear")) -> n/a | I53: =E53 -> 0 | J53: =IF($G53="s-curve",$E53+($F53-$E53)*$I$2/(1+EXP($I$3*(COUNT($I$9:J$9)+$I$4))),TREND($E53:$F53,$E$9:$F$9,J$9)) -> 0 | K53: =IF($G53="s-curve",$E53+($F53-$E53)*$I$2/(1+EXP($I$3*(COUNT($I$9:K$9)+$I$4))),TREND($E53:$F53,$E$9:$F$9,K$9)) -> 0 | L53: =IF($G53="s-curve",$E53+($F53-$E53)*$I$2/(1+EXP($I$3*(COUNT($I$9:L$9)+$I$4))),TREND($E53:$F53,$E$9:$F$9,L$9)) -> 0 | M53: =IF($G53="s-curve",$E53+($F53-$E53)*$I$2/(1+EXP($I$3*(COUNT($I$9:M$9)+$I$4))),TREND($E53:$F53,$E$9:$F$9,M$9)) -> 0 | N53: =IF($G53="s-curve",$E53+($F53-$E53)*$I$2/(1+EXP($I$3*(COUNT($I$9:N$9)+$I$4))),TREND($E53:$F53,$E$9:$F$9,N$9)) -> 0 | O53: =IF($G53="s-curve",$E53+($F53-$E53)*$I$2/(1+EXP($I$3*(COUNT($I$9:O$9)+$I$4))),TREND($E53:$F53,$E$9:$F$9,O$9)) -> 0 | P53: =IF($G53="s-curve",$E53+($F53-$E53)*$I$2/(1+EXP($I$3*(COUNT($I$9:P$9)+$I$4))),TREND($E53:$F53,$E$9:$F$9,P$9)) -> 0 | Q53: =IF($G53="s-curve",$E53+($F53-$E53)*$I$2/(1+EXP($I$3*(COUNT($I$9:Q$9)+$I$4))),TREND($E53:$F53,$E$9:$F$9,Q$9)) -> 0 | ... AI53: =IF($G53="s-curve",$E53+($F53-$E53)*$I$2/(1+EXP($I$3*(COUNT($I$9:AI$9)+$I$4))),TREND($E53:$F53,$E$9:$F$9,AI$9)) -> 0
C54: gasoline vehicle | E54: 0 | F54: 0 | G54: =IF(E54=F54,"n/a",IF(OR(C54="battery electric vehicle",C54="natural gas vehicle",C54="plugin hybrid vehicle"),"s-curve","linear")) -> n/a | I54: =E54 -> 0 | J54: =IF($G54="s-curve",$E54+($F54-$E54)*$I$2/(1+EXP($I$3*(COUNT($I$9:J$9)+$I$4))),TREND($E54:$F54,$E$9:$F$9,J$9)) -> 0 | K54: =IF($G54="s-curve",$E54+($F54-$E54)*$I$2/(1+EXP($I$3*(COUNT($I$9:K$9)+$I$4))),TREND($E54:$F54,$E$9:$F$9,K$9)) -> 0 | L54: =IF($G54="s-curve",$E54+($F54-$E54)*$I$2/(1+EXP($I$3*(COUNT($I$9:L$9)+$I$4))),TREND($E54:$F54,$E$9:$F$9,L$9)) -> 0 | M54: =IF($G54="s-curve",$E54+($F54-$E54)*$I$2/(1+EXP($I$3*(COUNT($I$9:M$9)+$I$4))),TREND($E54:$F54,$E$9:$F$9,M$9)) -> 0 | N54: =IF($G54="s-curve",$E54+($F54-$E54)*$I$2/(1+EXP($I$3*(COUNT($I$9:N$9)+$I$4))),TREND($E54:$F54,$E$9:$F$9,N$9)) -> 0 | O54: =IF($G54="s-curve",$E54+($F54-$E54)*$I$2/(1+EXP($I$3*(COUNT($I$9:O$9)+$I$4))),TREND($E54:$F54,$E$9:$F$9,O$9)) -> 0 | P54: =IF($G54="s-curve",$E54+($F54-$E54)*$I$2/(1+EXP($I$3*(COUNT($I$9:P$9)+$I$4))),TREND($E54:$F54,$E$9:$F$9,P$9)) -> 0 | Q54: =IF($G54="s-curve",$E54+($F54-$E54)*$I$2/(1+EXP($I$3*(COUNT($I$9:Q$9)+$I$4))),TREND($E54:$F54,$E$9:$F$9,Q$9)) -> 0 | ... AI54: =IF($G54="s-curve",$E54+($F54-$E54)*$I$2/(1+EXP($I$3*(COUNT($I$9:AI$9)+$I$4))),TREND($E54:$F54,$E$9:$F$9,AI$9)) -> 0
C55: diesel vehicle | E55: =1-E52 -> 0 | F55: =E55 -> 0 | G55: =IF(E55=F55,"n/a",IF(OR(C55="battery electric vehicle",C55="natural gas vehicle",C55="plugin hybrid vehicle"),"s-curve","linear")) -> n/a | I55: =E55 -> 0 | J55: =IF($G55="s-curve",$E55+($F55-$E55)*$I$2/(1+EXP($I$3*(COUNT($I$9:J$9)+$I$4))),TREND($E55:$F55,$E$9:$F$9,J$9)) -> 0 | K55: =IF($G55="s-curve",$E55+($F55-$E55)*$I$2/(1+EXP($I$3*(COUNT($I$9:K$9)+$I$4))),TREND($E55:$F55,$E$9:$F$9,K$9)) -> 0 | L55: =IF($G55="s-curve",$E55+($F55-$E55)*$I$2/(1+EXP($I$3*(COUNT($I$9:L$9)+$I$4))),TREND($E55:$F55,$E$9:$F$9,L$9)) -> 0 | M55: =IF($G55="s-curve",$E55+($F55-$E55)*$I$2/(1+EXP($I$3*(COUNT($I$9:M$9)+$I$4))),TREND($E55:$F55,$E$9:$F$9,M$9)) -> 0 | N55: =IF($G55="s-curve",$E55+($F55-$E55)*$I$2/(1+EXP($I$3*(COUNT($I$9:N$9)+$I$4))),TREND($E55:$F55,$E$9:$F$9,N$9)) -> 0 | O55: =IF($G55="s-curve",$E55+($F55-$E55)*$I$2/(1+EXP($I$3*(COUNT($I$9:O$9)+$I$4))),TREND($E55:$F55,$E$9:$F$9,O$9)) -> 0 | P55: =IF($G55="s-curve",$E55+($F55-$E55)*$I$2/(1+EXP($I$3*(COUNT($I$9:P$9)+$I$4))),TREND($E55:$F55,$E$9:$F$9,P$9)) -> 0 | Q55: =IF($G55="s-curve",$E55+($F55-$E55)*$I$2/(1+EXP($I$3*(COUNT($I$9:Q$9)+$I$4))),TREND($E55:$F55,$E$9:$F$9,Q$9)) -> 0 | ... AI55: =IF($G55="s-curve",$E55+($F55-$E55)*$I$2/(1+EXP($I$3*(COUNT($I$9:AI$9)+$I$4))),TREND($E55:$F55,$E$9:$F$9,AI$9)) -> 0
C56: plugin hybrid vehicle | E56: 0 | F56: 0 | G56: =IF(E56=F56,"n/a",IF(OR(C56="battery electric vehicle",C56="natural gas vehicle",C56="plugin hybrid vehicle"),"s-curve","linear")) -> n/a | I56: =E56 -> 0 | J56: =IF($G56="s-curve",$E56+($F56-$E56)*$I$2/(1+EXP($I$3*(COUNT($I$9:J$9)+$I$4))),TREND($E56:$F56,$E$9:$F$9,J$9)) -> 0 | K56: =IF($G56="s-curve",$E56+($F56-$E56)*$I$2/(1+EXP($I$3*(COUNT($I$9:K$9)+$I$4))),TREND($E56:$F56,$E$9:$F$9,K$9)) -> 0 | L56: =IF($G56="s-curve",$E56+($F56-$E56)*$I$2/(1+EXP($I$3*(COUNT($I$9:L$9)+$I$4))),TREND($E56:$F56,$E$9:$F$9,L$9)) -> 0 | M56: =IF($G56="s-curve",$E56+($F56-$E56)*$I$2/(1+EXP($I$3*(COUNT($I$9:M$9)+$I$4))),TREND($E56:$F56,$E$9:$F$9,M$9)) -> 0 | N56: =IF($G56="s-curve",$E56+($F56-$E56)*$I$2/(1+EXP($I$3*(COUNT($I$9:N$9)+$I$4))),TREND($E56:$F56,$E$9:$F$9,N$9)) -> 0 | O56: =IF($G56="s-curve",$E56+($F56-$E56)*$I$2/(1+EXP($I$3*(COUNT($I$9:O$9)+$I$4))),TREND($E56:$F56,$E$9:$F$9,O$9)) -> 0 | P56: =IF($G56="s-curve",$E56+($F56-$E56)*$I$2/(1+EXP($I$3*(COUNT($I$9:P$9)+$I$4))),TREND($E56:$F56,$E$9:$F$9,P$9)) -> 0 | Q56: =IF($G56="s-curve",$E56+($F56-$E56)*$I$2/(1+EXP($I$3*(COUNT($I$9:Q$9)+$I$4))),TREND($E56:$F56,$E$9:$F$9,Q$9)) -> 0 | ... AI56: =IF($G56="s-curve",$E56+($F56-$E56)*$I$2/(1+EXP($I$3*(COUNT($I$9:AI$9)+$I$4))),TREND($E56:$F56,$E$9:$F$9,AI$9)) -> 0
C57: LPG vehicle | E57: 0 | F57: 0 | G57: =IF(E57=F57,"n/a",IF(OR(C57="battery electric vehicle",C57="natural gas vehicle",C57="plugin hybrid vehicle",C57="hydrogen vehicle"),"s-curve","linear")) -> n/a | I57: =E57 -> 0 | J57: =IF($G57="s-curve",$E57+($F57-$E57)*$I$2/(1+EXP($I$3*(COUNT($I$9:J$9)+$I$4))),TREND($E57:$F57,$E$9:$F$9,J$9)) -> 0 | K57: =IF($G57="s-curve",$E57+($F57-$E57)*$I$2/(1+EXP($I$3*(COUNT($I$9:K$9)+$I$4))),TREND($E57:$F57,$E$9:$F$9,K$9)) -> 0 | L57: =IF($G57="s-curve",$E57+($F57-$E57)*$I$2/(1+EXP($I$3*(COUNT($I$9:L$9)+$I$4))),TREND($E57:$F57,$E$9:$F$9,L$9)) -> 0 | M57: =IF($G57="s-curve",$E57+($F57-$E57)*$I$2/(1+EXP($I$3*(COUNT($I$9:M$9)+$I$4))),TREND($E57:$F57,$E$9:$F$9,M$9)) -> 0 | N57: =IF($G57="s-curve",$E57+($F57-$E57)*$I$2/(1+EXP($I$3*(COUNT($I$9:N$9)+$I$4))),TREND($E57:$F57,$E$9:$F$9,N$9)) -> 0 | O57: =IF($G57="s-curve",$E57+($F57-$E57)*$I$2/(1+EXP($I$3*(COUNT($I$9:O$9)+$I$4))),TREND($E57:$F57,$E$9:$F$9,O$9)) -> 0 | P57: =IF($G57="s-curve",$E57+($F57-$E57)*$I$2/(1+EXP($I$3*(COUNT($I$9:P$9)+$I$4))),TREND($E57:$F57,$E$9:$F$9,P$9)) -> 0 | Q57: =IF($G57="s-curve",$E57+($F57-$E57)*$I$2/(1+EXP($I$3*(COUNT($I$9:Q$9)+$I$4))),TREND($E57:$F57,$E$9:$F$9,Q$9)) -> 0 | ... AI57: =IF($G57="s-curve",$E57+($F57-$E57)*$I$2/(1+EXP($I$3*(COUNT($I$9:AI$9)+$I$4))),TREND($E57:$F57,$E$9:$F$9,AI$9)) -> 0
C58: hydrogen vehicle | E58: 0 | F58: 0 | G58: =IF(E58=F58,"n/a",IF(OR(C58="battery electric vehicle",C58="natural gas vehicle",C58="plugin hybrid vehicle",C58="hydrogen vehicle"),"s-curve","linear")) -> n/a | I58: =E58 -> 0 | J58: =IF($G58="s-curve",$E58+($F58-$E58)*$I$2/(1+EXP($I$3*(COUNT($I$9:J$9)+$I$4))),TREND($E58:$F58,$E$9:$F$9,J$9)) -> 0 | K58: =IF($G58="s-curve",$E58+($F58-$E58)*$I$2/(1+EXP($I$3*(COUNT($I$9:K$9)+$I$4))),TREND($E58:$F58,$E$9:$F$9,K$9)) -> 0 | L58: =IF($G58="s-curve",$E58+($F58-$E58)*$I$2/(1+EXP($I$3*(COUNT($I$9:L$9)+$I$4))),TREND($E58:$F58,$E$9:$F$9,L$9)) -> 0 | M58: =IF($G58="s-curve",$E58+($F58-$E58)*$I$2/(1+EXP($I$3*(COUNT($I$9:M$9)+$I$4))),TREND($E58:$F58,$E$9:$F$9,M$9)) -> 0 | N58: =IF($G58="s-curve",$E58+($F58-$E58)*$I$2/(1+EXP($I$3*(COUNT($I$9:N$9)+$I$4))),TREND($E58:$F58,$E$9:$F$9,N$9)) -> 0 | O58: =IF($G58="s-curve",$E58+($F58-$E58)*$I$2/(1+EXP($I$3*(COUNT($I$9:O$9)+$I$4))),TREND($E58:$F58,$E$9:$F$9,O$9)) -> 0 | P58: =IF($G58="s-curve",$E58+($F58-$E58)*$I$2/(1+EXP($I$3*(COUNT($I$9:P$9)+$I$4))),TREND($E58:$F58,$E$9:$F$9,P$9)) -> 0 | Q58: =IF($G58="s-curve",$E58+($F58-$E58)*$I$2/(1+EXP($I$3*(COUNT($I$9:Q$9)+$I$4))),TREND($E58:$F58,$E$9:$F$9,Q$9)) -> 0 | ... AI58: =IF($G58="s-curve",$E58+($F58-$E58)*$I$2/(1+EXP($I$3*(COUNT($I$9:AI$9)+$I$4))),TREND($E58:$F58,$E$9:$F$9,AI$9)) -> 0
A59: rail | B59: freight | C59: battery electric vehicle | E59: 0 | F59: 0 | G59: =IF(E59=F59,"n/a",IF(OR(C59="battery electric vehicle",C59="natural gas vehicle",C59="plugin hybrid vehicle"),"s-curve","linear")) -> n/a | I59: =E59 -> 0 | J59: =IF($G59="s-curve",$E59+($F59-$E59)*$I$2/(1+EXP($I$3*(COUNT($I$9:J$9)+$I$4))),TREND($E59:$F59,$E$9:$F$9,J$9)) -> 0 | K59: =IF($G59="s-curve",$E59+($F59-$E59)*$I$2/(1+EXP($I$3*(COUNT($I$9:K$9)+$I$4))),TREND($E59:$F59,$E$9:$F$9,K$9)) -> 0 | L59: =IF($G59="s-curve",$E59+($F59-$E59)*$I$2/(1+EXP($I$3*(COUNT($I$9:L$9)+$I$4))),TREND($E59:$F59,$E$9:$F$9,L$9)) -> 0 | M59: =IF($G59="s-curve",$E59+($F59-$E59)*$I$2/(1+EXP($I$3*(COUNT($I$9:M$9)+$I$4))),TREND($E59:$F59,$E$9:$F$9,M$9)) -> 0 | N59: =IF($G59="s-curve",$E59+($F59-$E59)*$I$2/(1+EXP($I$3*(COUNT($I$9:N$9)+$I$4))),TREND($E59:$F59,$E$9:$F$9,N$9)) -> 0 | O59: =IF($G59="s-curve",$E59+($F59-$E59)*$I$2/(1+EXP($I$3*(COUNT($I$9:O$9)+$I$4))),TREND($E59:$F59,$E$9:$F$9,O$9)) -> 0 | P59: =IF($G59="s-curve",$E59+($F59-$E59)*$I$2/(1+EXP($I$3*(COUNT($I$9:P$9)+$I$4))),TREND($E59:$F59,$E$9:$F$9,P$9)) -> 0 | Q59: =IF($G59="s-curve",$E59+($F59-$E59)*$I$2/(1+EXP($I$3*(COUNT($I$9:Q$9)+$I$4))),TREND($E59:$F59,$E$9:$F$9,Q$9)) -> 0 | ... AI59: =IF($G59="s-curve",$E59+($F59-$E59)*$I$2/(1+EXP($I$3*(COUNT($I$9:AI$9)+$I$4))),TREND($E59:$F59,$E$9:$F$9,AI$9)) -> 0
C60: natural gas vehicle | E60: 0 | F60: 0 | G60: =IF(E60=F60,"n/a",IF(OR(C60="battery electric vehicle",C60="natural gas vehicle",C60="plugin hybrid vehicle"),"s-curve","linear")) -> n/a | I60: =E60 -> 0 | J60: =IF($G60="s-curve",$E60+($F60-$E60)*$I$2/(1+EXP($I$3*(COUNT($I$9:J$9)+$I$4))),TREND($E60:$F60,$E$9:$F$9,J$9)) -> 0 | K60: =IF($G60="s-curve",$E60+($F60-$E60)*$I$2/(1+EXP($I$3*(COUNT($I$9:K$9)+$I$4))),TREND($E60:$F60,$E$9:$F$9,K$9)) -> 0 | L60: =IF($G60="s-curve",$E60+($F60-$E60)*$I$2/(1+EXP($I$3*(COUNT($I$9:L$9)+$I$4))),TREND($E60:$F60,$E$9:$F$9,L$9)) -> 0 | M60: =IF($G60="s-curve",$E60+($F60-$E60)*$I$2/(1+EXP($I$3*(COUNT($I$9:M$9)+$I$4))),TREND($E60:$F60,$E$9:$F$9,M$9)) -> 0 | N60: =IF($G60="s-curve",$E60+($F60-$E60)*$I$2/(1+EXP($I$3*(COUNT($I$9:N$9)+$I$4))),TREND($E60:$F60,$E$9:$F$9,N$9)) -> 0 | O60: =IF($G60="s-curve",$E60+($F60-$E60)*$I$2/(1+EXP($I$3*(COUNT($I$9:O$9)+$I$4))),TREND($E60:$F60,$E$9:$F$9,O$9)) -> 0 | P60: =IF($G60="s-curve",$E60+($F60-$E60)*$I$2/(1+EXP($I$3*(COUNT($I$9:P$9)+$I$4))),TREND($E60:$F60,$E$9:$F$9,P$9)) -> 0 | Q60: =IF($G60="s-curve",$E60+($F60-$E60)*$I$2/(1+EXP($I$3*(COUNT($I$9:Q$9)+$I$4))),TREND($E60:$F60,$E$9:$F$9,Q$9)) -> 0 | ... AI60: =IF($G60="s-curve",$E60+($F60-$E60)*$I$2/(1+EXP($I$3*(COUNT($I$9:AI$9)+$I$4))),TREND($E60:$F60,$E$9:$F$9,AI$9)) -> 0
C61: gasoline vehicle | E61: 0 | F61: 0 | G61: =IF(E61=F61,"n/a",IF(OR(C61="battery electric vehicle",C61="natural gas vehicle",C61="plugin hybrid vehicle"),"s-curve","linear")) -> n/a | I61: =E61 -> 0 | J61: =IF($G61="s-curve",$E61+($F61-$E61)*$I$2/(1+EXP($I$3*(COUNT($I$9:J$9)+$I$4))),TREND($E61:$F61,$E$9:$F$9,J$9)) -> 0 | K61: =IF($G61="s-curve",$E61+($F61-$E61)*$I$2/(1+EXP($I$3*(COUNT($I$9:K$9)+$I$4))),TREND($E61:$F61,$E$9:$F$9,K$9)) -> 0 | L61: =IF($G61="s-curve",$E61+($F61-$E61)*$I$2/(1+EXP($I$3*(COUNT($I$9:L$9)+$I$4))),TREND($E61:$F61,$E$9:$F$9,L$9)) -> 0 | M61: =IF($G61="s-curve",$E61+($F61-$E61)*$I$2/(1+EXP($I$3*(COUNT($I$9:M$9)+$I$4))),TREND($E61:$F61,$E$9:$F$9,M$9)) -> 0 | N61: =IF($G61="s-curve",$E61+($F61-$E61)*$I$2/(1+EXP($I$3*(COUNT($I$9:N$9)+$I$4))),TREND($E61:$F61,$E$9:$F$9,N$9)) -> 0 | O61: =IF($G61="s-curve",$E61+($F61-$E61)*$I$2/(1+EXP($I$3*(COUNT($I$9:O$9)+$I$4))),TREND($E61:$F61,$E$9:$F$9,O$9)) -> 0 | P61: =IF($G61="s-curve",$E61+($F61-$E61)*$I$2/(1+EXP($I$3*(COUNT($I$9:P$9)+$I$4))),TREND($E61:$F61,$E$9:$F$9,P$9)) -> 0 | Q61: =IF($G61="s-curve",$E61+($F61-$E61)*$I$2/(1+EXP($I$3*(COUNT($I$9:Q$9)+$I$4))),TREND($E61:$F61,$E$9:$F$9,Q$9)) -> 0 | ... AI61: =IF($G61="s-curve",$E61+($F61-$E61)*$I$2/(1+EXP($I$3*(COUNT($I$9:AI$9)+$I$4))),TREND($E61:$F61,$E$9:$F$9,AI$9)) -> 0
C62: diesel vehicle | E62: 1 | F62: 1 | G62: =IF(E62=F62,"n/a",IF(OR(C62="battery electric vehicle",C62="natural gas vehicle",C62="plugin hybrid vehicle"),"s-curve","linear")) -> n/a | I62: =E62 -> 1 | J62: =IF($G62="s-curve",$E62+($F62-$E62)*$I$2/(1+EXP($I$3*(COUNT($I$9:J$9)+$I$4))),TREND($E62:$F62,$E$9:$F$9,J$9)) -> 1 | K62: =IF($G62="s-curve",$E62+($F62-$E62)*$I$2/(1+EXP($I$3*(COUNT($I$9:K$9)+$I$4))),TREND($E62:$F62,$E$9:$F$9,K$9)) -> 1 | L62: =IF($G62="s-curve",$E62+($F62-$E62)*$I$2/(1+EXP($I$3*(COUNT($I$9:L$9)+$I$4))),TREND($E62:$F62,$E$9:$F$9,L$9)) -> 1 | M62: =IF($G62="s-curve",$E62+($F62-$E62)*$I$2/(1+EXP($I$3*(COUNT($I$9:M$9)+$I$4))),TREND($E62:$F62,$E$9:$F$9,M$9)) -> 1 | N62: =IF($G62="s-curve",$E62+($F62-$E62)*$I$2/(1+EXP($I$3*(COUNT($I$9:N$9)+$I$4))),TREND($E62:$F62,$E$9:$F$9,N$9)) -> 1 | O62: =IF($G62="s-curve",$E62+($F62-$E62)*$I$2/(1+EXP($I$3*(COUNT($I$9:O$9)+$I$4))),TREND($E62:$F62,$E$9:$F$9,O$9)) -> 1 | P62: =IF($G62="s-curve",$E62+($F62-$E62)*$I$2/(1+EXP($I$3*(COUNT($I$9:P$9)+$I$4))),TREND($E62:$F62,$E$9:$F$9,P$9)) -> 1 | Q62: =IF($G62="s-curve",$E62+($F62-$E62)*$I$2/(1+EXP($I$3*(COUNT($I$9:Q$9)+$I$4))),TREND($E62:$F62,$E$9:$F$9,Q$9)) -> 1 | ... AI62: =IF($G62="s-curve",$E62+($F62-$E62)*$I$2/(1+EXP($I$3*(COUNT($I$9:AI$9)+$I$4))),TREND($E62:$F62,$E$9:$F$9,AI$9)) -> 1
C63: plugin hybrid vehicle | E63: 0 | F63: 0 | G63: =IF(E63=F63,"n/a",IF(OR(C63="battery electric vehicle",C63="natural gas vehicle",C63="plugin hybrid vehicle"),"s-curve","linear")) -> n/a | I63: =E63 -> 0 | J63: =IF($G63="s-curve",$E63+($F63-$E63)*$I$2/(1+EXP($I$3*(COUNT($I$9:J$9)+$I$4))),TREND($E63:$F63,$E$9:$F$9,J$9)) -> 0 | K63: =IF($G63="s-curve",$E63+($F63-$E63)*$I$2/(1+EXP($I$3*(COUNT($I$9:K$9)+$I$4))),TREND($E63:$F63,$E$9:$F$9,K$9)) -> 0 | L63: =IF($G63="s-curve",$E63+($F63-$E63)*$I$2/(1+EXP($I$3*(COUNT($I$9:L$9)+$I$4))),TREND($E63:$F63,$E$9:$F$9,L$9)) -> 0 | M63: =IF($G63="s-curve",$E63+($F63-$E63)*$I$2/(1+EXP($I$3*(COUNT($I$9:M$9)+$I$4))),TREND($E63:$F63,$E$9:$F$9,M$9)) -> 0 | N63: =IF($G63="s-curve",$E63+($F63-$E63)*$I$2/(1+EXP($I$3*(COUNT($I$9:N$9)+$I$4))),TREND($E63:$F63,$E$9:$F$9,N$9)) -> 0 | O63: =IF($G63="s-curve",$E63+($F63-$E63)*$I$2/(1+EXP($I$3*(COUNT($I$9:O$9)+$I$4))),TREND($E63:$F63,$E$9:$F$9,O$9)) -> 0 | P63: =IF($G63="s-curve",$E63+($F63-$E63)*$I$2/(1+EXP($I$3*(COUNT($I$9:P$9)+$I$4))),TREND($E63:$F63,$E$9:$F$9,P$9)) -> 0 | Q63: =IF($G63="s-curve",$E63+($F63-$E63)*$I$2/(1+EXP($I$3*(COUNT($I$9:Q$9)+$I$4))),TREND($E63:$F63,$E$9:$F$9,Q$9)) -> 0 | ... AI63: =IF($G63="s-curve",$E63+($F63-$E63)*$I$2/(1+EXP($I$3*(COUNT($I$9:AI$9)+$I$4))),TREND($E63:$F63,$E$9:$F$9,AI$9)) -> 0
C64: LPG vehicle | E64: 0 | F64: 0 | G64: =IF(E64=F64,"n/a",IF(OR(C64="battery electric vehicle",C64="natural gas vehicle",C64="plugin hybrid vehicle",C64="hydrogen vehicle"),"s-curve","linear")) -> n/a | I64: =E64 -> 0 | J64: =IF($G64="s-curve",$E64+($F64-$E64)*$I$2/(1+EXP($I$3*(COUNT($I$9:J$9)+$I$4))),TREND($E64:$F64,$E$9:$F$9,J$9)) -> 0 | K64: =IF($G64="s-curve",$E64+($F64-$E64)*$I$2/(1+EXP($I$3*(COUNT($I$9:K$9)+$I$4))),TREND($E64:$F64,$E$9:$F$9,K$9)) -> 0 | L64: =IF($G64="s-curve",$E64+($F64-$E64)*$I$2/(1+EXP($I$3*(COUNT($I$9:L$9)+$I$4))),TREND($E64:$F64,$E$9:$F$9,L$9)) -> 0 | M64: =IF($G64="s-curve",$E64+($F64-$E64)*$I$2/(1+EXP($I$3*(COUNT($I$9:M$9)+$I$4))),TREND($E64:$F64,$E$9:$F$9,M$9)) -> 0 | N64: =IF($G64="s-curve",$E64+($F64-$E64)*$I$2/(1+EXP($I$3*(COUNT($I$9:N$9)+$I$4))),TREND($E64:$F64,$E$9:$F$9,N$9)) -> 0 | O64: =IF($G64="s-curve",$E64+($F64-$E64)*$I$2/(1+EXP($I$3*(COUNT($I$9:O$9)+$I$4))),TREND($E64:$F64,$E$9:$F$9,O$9)) -> 0 | P64: =IF($G64="s-curve",$E64+($F64-$E64)*$I$2/(1+EXP($I$3*(COUNT($I$9:P$9)+$I$4))),TREND($E64:$F64,$E$9:$F$9,P$9)) -> 0 | Q64: =IF($G64="s-curve",$E64+($F64-$E64)*$I$2/(1+EXP($I$3*(COUNT($I$9:Q$9)+$I$4))),TREND($E64:$F64,$E$9:$F$9,Q$9)) -> 0 | ... AI64: =IF($G64="s-curve",$E64+($F64-$E64)*$I$2/(1+EXP($I$3*(COUNT($I$9:AI$9)+$I$4))),TREND($E64:$F64,$E$9:$F$9,AI$9)) -> 0
C65: hydrogen vehicle | E65: 0 | F65: 0 | G65: =IF(E65=F65,"n/a",IF(OR(C65="battery electric vehicle",C65="natural gas vehicle",C65="plugin hybrid vehicle",C65="hydrogen vehicle"),"s-curve","linear")) -> n/a | I65: =E65 -> 0 | J65: =IF($G65="s-curve",$E65+($F65-$E65)*$I$2/(1+EXP($I$3*(COUNT($I$9:J$9)+$I$4))),TREND($E65:$F65,$E$9:$F$9,J$9)) -> 0 | K65: =IF($G65="s-curve",$E65+($F65-$E65)*$I$2/(1+EXP($I$3*(COUNT($I$9:K$9)+$I$4))),TREND($E65:$F65,$E$9:$F$9,K$9)) -> 0 | L65: =IF($G65="s-curve",$E65+($F65-$E65)*$I$2/(1+EXP($I$3*(COUNT($I$9:L$9)+$I$4))),TREND($E65:$F65,$E$9:$F$9,L$9)) -> 0 | M65: =IF($G65="s-curve",$E65+($F65-$E65)*$I$2/(1+EXP($I$3*(COUNT($I$9:M$9)+$I$4))),TREND($E65:$F65,$E$9:$F$9,M$9)) -> 0 | N65: =IF($G65="s-curve",$E65+($F65-$E65)*$I$2/(1+EXP($I$3*(COUNT($I$9:N$9)+$I$4))),TREND($E65:$F65,$E$9:$F$9,N$9)) -> 0 | O65: =IF($G65="s-curve",$E65+($F65-$E65)*$I$2/(1+EXP($I$3*(COUNT($I$9:O$9)+$I$4))),TREND($E65:$F65,$E$9:$F$9,O$9)) -> 0 | P65: =IF($G65="s-curve",$E65+($F65-$E65)*$I$2/(1+EXP($I$3*(COUNT($I$9:P$9)+$I$4))),TREND($E65:$F65,$E$9:$F$9,P$9)) -> 0 | Q65: =IF($G65="s-curve",$E65+($F65-$E65)*$I$2/(1+EXP($I$3*(COUNT($I$9:Q$9)+$I$4))),TREND($E65:$F65,$E$9:$F$9,Q$9)) -> 0 | ... AI65: =IF($G65="s-curve",$E65+($F65-$E65)*$I$2/(1+EXP($I$3*(COUNT($I$9:AI$9)+$I$4))),TREND($E65:$F65,$E$9:$F$9,AI$9)) -> 0
A66: ships | B66: passenger | C66: battery electric vehicle | E66: 0 | F66: 0 | G66: =IF(E66=F66,"n/a",IF(OR(C66="battery electric vehicle",C66="natural gas vehicle",C66="plugin hybrid vehicle"),"s-curve","linear")) -> n/a | I66: =E66 -> 0 | J66: =IF($G66="s-curve",$E66+($F66-$E66)*$I$2/(1+EXP($I$3*(COUNT($I$9:J$9)+$I$4))),TREND($E66:$F66,$E$9:$F$9,J$9)) -> 0 | K66: =IF($G66="s-curve",$E66+($F66-$E66)*$I$2/(1+EXP($I$3*(COUNT($I$9:K$9)+$I$4))),TREND($E66:$F66,$E$9:$F$9,K$9)) -> 0 | L66: =IF($G66="s-curve",$E66+($F66-$E66)*$I$2/(1+EXP($I$3*(COUNT($I$9:L$9)+$I$4))),TREND($E66:$F66,$E$9:$F$9,L$9)) -> 0 | M66: =IF($G66="s-curve",$E66+($F66-$E66)*$I$2/(1+EXP($I$3*(COUNT($I$9:M$9)+$I$4))),TREND($E66:$F66,$E$9:$F$9,M$9)) -> 0 | N66: =IF($G66="s-curve",$E66+($F66-$E66)*$I$2/(1+EXP($I$3*(COUNT($I$9:N$9)+$I$4))),TREND($E66:$F66,$E$9:$F$9,N$9)) -> 0 | O66: =IF($G66="s-curve",$E66+($F66-$E66)*$I$2/(1+EXP($I$3*(COUNT($I$9:O$9)+$I$4))),TREND($E66:$F66,$E$9:$F$9,O$9)) -> 0 | P66: =IF($G66="s-curve",$E66+($F66-$E66)*$I$2/(1+EXP($I$3*(COUNT($I$9:P$9)+$I$4))),TREND($E66:$F66,$E$9:$F$9,P$9)) -> 0 | Q66: =IF($G66="s-curve",$E66+($F66-$E66)*$I$2/(1+EXP($I$3*(COUNT($I$9:Q$9)+$I$4))),TREND($E66:$F66,$E$9:$F$9,Q$9)) -> 0 | ... AI66: =IF($G66="s-curve",$E66+($F66-$E66)*$I$2/(1+EXP($I$3*(COUNT($I$9:AI$9)+$I$4))),TREND($E66:$F66,$E$9:$F$9,AI$9)) -> 0
C67: natural gas vehicle | E67: 0 | F67: 0 | G67: =IF(E67=F67,"n/a",IF(OR(C67="battery electric vehicle",C67="natural gas vehicle",C67="plugin hybrid vehicle"),"s-curve","linear")) -> n/a | I67: =E67 -> 0 | J67: =IF($G67="s-curve",$E67+($F67-$E67)*$I$2/(1+EXP($I$3*(COUNT($I$9:J$9)+$I$4))),TREND($E67:$F67,$E$9:$F$9,J$9)) -> 0 | K67: =IF($G67="s-curve",$E67+($F67-$E67)*$I$2/(1+EXP($I$3*(COUNT($I$9:K$9)+$I$4))),TREND($E67:$F67,$E$9:$F$9,K$9)) -> 0 | L67: =IF($G67="s-curve",$E67+($F67-$E67)*$I$2/(1+EXP($I$3*(COUNT($I$9:L$9)+$I$4))),TREND($E67:$F67,$E$9:$F$9,L$9)) -> 0 | M67: =IF($G67="s-curve",$E67+($F67-$E67)*$I$2/(1+EXP($I$3*(COUNT($I$9:M$9)+$I$4))),TREND($E67:$F67,$E$9:$F$9,M$9)) -> 0 | N67: =IF($G67="s-curve",$E67+($F67-$E67)*$I$2/(1+EXP($I$3*(COUNT($I$9:N$9)+$I$4))),TREND($E67:$F67,$E$9:$F$9,N$9)) -> 0 | O67: =IF($G67="s-curve",$E67+($F67-$E67)*$I$2/(1+EXP($I$3*(COUNT($I$9:O$9)+$I$4))),TREND($E67:$F67,$E$9:$F$9,O$9)) -> 0 | P67: =IF($G67="s-curve",$E67+($F67-$E67)*$I$2/(1+EXP($I$3*(COUNT($I$9:P$9)+$I$4))),TREND($E67:$F67,$E$9:$F$9,P$9)) -> 0 | Q67: =IF($G67="s-curve",$E67+($F67-$E67)*$I$2/(1+EXP($I$3*(COUNT($I$9:Q$9)+$I$4))),TREND($E67:$F67,$E$9:$F$9,Q$9)) -> 0 | ... AI67: =IF($G67="s-curve",$E67+($F67-$E67)*$I$2/(1+EXP($I$3*(COUNT($I$9:AI$9)+$I$4))),TREND($E67:$F67,$E$9:$F$9,AI$9)) -> 0
C68: gasoline vehicle | E68: 0 | F68: 0 | G68: =IF(E68=F68,"n/a",IF(OR(C68="battery electric vehicle",C68="natural gas vehicle",C68="plugin hybrid vehicle"),"s-curve","linear")) -> n/a | I68: =E68 -> 0 | J68: =IF($G68="s-curve",$E68+($F68-$E68)*$I$2/(1+EXP($I$3*(COUNT($I$9:J$9)+$I$4))),TREND($E68:$F68,$E$9:$F$9,J$9)) -> 0 | K68: =IF($G68="s-curve",$E68+($F68-$E68)*$I$2/(1+EXP($I$3*(COUNT($I$9:K$9)+$I$4))),TREND($E68:$F68,$E$9:$F$9,K$9)) -> 0 | L68: =IF($G68="s-curve",$E68+($F68-$E68)*$I$2/(1+EXP($I$3*(COUNT($I$9:L$9)+$I$4))),TREND($E68:$F68,$E$9:$F$9,L$9)) -> 0 | M68: =IF($G68="s-curve",$E68+($F68-$E68)*$I$2/(1+EXP($I$3*(COUNT($I$9:M$9)+$I$4))),TREND($E68:$F68,$E$9:$F$9,M$9)) -> 0 | N68: =IF($G68="s-curve",$E68+($F68-$E68)*$I$2/(1+EXP($I$3*(COUNT($I$9:N$9)+$I$4))),TREND($E68:$F68,$E$9:$F$9,N$9)) -> 0 | O68: =IF($G68="s-curve",$E68+($F68-$E68)*$I$2/(1+EXP($I$3*(COUNT($I$9:O$9)+$I$4))),TREND($E68:$F68,$E$9:$F$9,O$9)) -> 0 | P68: =IF($G68="s-curve",$E68+($F68-$E68)*$I$2/(1+EXP($I$3*(COUNT($I$9:P$9)+$I$4))),TREND($E68:$F68,$E$9:$F$9,P$9)) -> 0 | Q68: =IF($G68="s-curve",$E68+($F68-$E68)*$I$2/(1+EXP($I$3*(COUNT($I$9:Q$9)+$I$4))),TREND($E68:$F68,$E$9:$F$9,Q$9)) -> 0 | ... AI68: =IF($G68="s-curve",$E68+($F68-$E68)*$I$2/(1+EXP($I$3*(COUNT($I$9:AI$9)+$I$4))),TREND($E68:$F68,$E$9:$F$9,AI$9)) -> 0
C69: diesel vehicle | E69: 1 | F69: 1 | G69: =IF(E69=F69,"n/a",IF(OR(C69="battery electric vehicle",C69="natural gas vehicle",C69="plugin hybrid vehicle"),"s-curve","linear")) -> n/a | I69: =E69 -> 1 | J69: =IF($G69="s-curve",$E69+($F69-$E69)*$I$2/(1+EXP($I$3*(COUNT($I$9:J$9)+$I$4))),TREND($E69:$F69,$E$9:$F$9,J$9)) -> 1 | K69: =IF($G69="s-curve",$E69+($F69-$E69)*$I$2/(1+EXP($I$3*(COUNT($I$9:K$9)+$I$4))),TREND($E69:$F69,$E$9:$F$9,K$9)) -> 1 | L69: =IF($G69="s-curve",$E69+($F69-$E69)*$I$2/(1+EXP($I$3*(COUNT($I$9:L$9)+$I$4))),TREND($E69:$F69,$E$9:$F$9,L$9)) -> 1 | M69: =IF($G69="s-curve",$E69+($F69-$E69)*$I$2/(1+EXP($I$3*(COUNT($I$9:M$9)+$I$4))),TREND($E69:$F69,$E$9:$F$9,M$9)) -> 1 | N69: =IF($G69="s-curve",$E69+($F69-$E69)*$I$2/(1+EXP($I$3*(COUNT($I$9:N$9)+$I$4))),TREND($E69:$F69,$E$9:$F$9,N$9)) -> 1 | O69: =IF($G69="s-curve",$E69+($F69-$E69)*$I$2/(1+EXP($I$3*(COUNT($I$9:O$9)+$I$4))),TREND($E69:$F69,$E$9:$F$9,O$9)) -> 1 | P69: =IF($G69="s-curve",$E69+($F69-$E69)*$I$2/(1+EXP($I$3*(COUNT($I$9:P$9)+$I$4))),TREND($E69:$F69,$E$9:$F$9,P$9)) -> 1 | Q69: =IF($G69="s-curve",$E69+($F69-$E69)*$I$2/(1+EXP($I$3*(COUNT($I$9:Q$9)+$I$4))),TREND($E69:$F69,$E$9:$F$9,Q$9)) -> 1 | ... AI69: =IF($G69="s-curve",$E69+($F69-$E69)*$I$2/(1+EXP($I$3*(COUNT($I$9:AI$9)+$I$4))),TREND($E69:$F69,$E$9:$F$9,AI$9)) -> 1
C70: plugin hybrid vehicle | E70: 0 | F70: 0 | G70: =IF(E70=F70,"n/a",IF(OR(C70="battery electric vehicle",C70="natural gas vehicle",C70="plugin hybrid vehicle"),"s-curve","linear")) -> n/a | I70: =E70 -> 0 | J70: =IF($G70="s-curve",$E70+($F70-$E70)*$I$2/(1+EXP($I$3*(COUNT($I$9:J$9)+$I$4))),TREND($E70:$F70,$E$9:$F$9,J$9)) -> 0 | K70: =IF($G70="s-curve",$E70+($F70-$E70)*$I$2/(1+EXP($I$3*(COUNT($I$9:K$9)+$I$4))),TREND($E70:$F70,$E$9:$F$9,K$9)) -> 0 | L70: =IF($G70="s-curve",$E70+($F70-$E70)*$I$2/(1+EXP($I$3*(COUNT($I$9:L$9)+$I$4))),TREND($E70:$F70,$E$9:$F$9,L$9)) -> 0 | M70: =IF($G70="s-curve",$E70+($F70-$E70)*$I$2/(1+EXP($I$3*(COUNT($I$9:M$9)+$I$4))),TREND($E70:$F70,$E$9:$F$9,M$9)) -> 0 | N70: =IF($G70="s-curve",$E70+($F70-$E70)*$I$2/(1+EXP($I$3*(COUNT($I$9:N$9)+$I$4))),TREND($E70:$F70,$E$9:$F$9,N$9)) -> 0 | O70: =IF($G70="s-curve",$E70+($F70-$E70)*$I$2/(1+EXP($I$3*(COUNT($I$9:O$9)+$I$4))),TREND($E70:$F70,$E$9:$F$9,O$9)) -> 0 | P70: =IF($G70="s-curve",$E70+($F70-$E70)*$I$2/(1+EXP($I$3*(COUNT($I$9:P$9)+$I$4))),TREND($E70:$F70,$E$9:$F$9,P$9)) -> 0 | Q70: =IF($G70="s-curve",$E70+($F70-$E70)*$I$2/(1+EXP($I$3*(COUNT($I$9:Q$9)+$I$4))),TREND($E70:$F70,$E$9:$F$9,Q$9)) -> 0 | ... AI70: =IF($G70="s-curve",$E70+($F70-$E70)*$I$2/(1+EXP($I$3*(COUNT($I$9:AI$9)+$I$4))),TREND($E70:$F70,$E$9:$F$9,AI$9)) -> 0
